step,t,dt,cfl,max_velocity,max_vorticity,max_circulation,kinetic_energy,enstrophy,div_u_l2,div_u_rel,div_u_weak,bkm_integral,r_at_max_vorticity,z_at_max_vorticity,bc_residual,iters_momentum,iters_pressure,iters_projection,wall_time
1,4.975119058376158e-05,4.975119058376158e-05,0.5,25.201545796613075,352.3423653923421,5.74871132677121,175.70397011111953,19097.9643729133,1.0100936004098018,0.007409336411171555,8.362881921378781e-05,0.0,0.5436582409485289,0.0007881103374471558,0.0,8,13,15,11.926440000534058
21,0.0010427566387886027,4.957093594039289e-05,0.5,25.185595333759323,367.6755353042911,5.748103272296008,175.6802965996047,19119.57248698761,2.634117818129569,0.019307684886002586,3.406908372177273e-06,0.35749084909838447,0.5468988987552326,0.017107605229207155,0.0,8,13,15,81.25346899032593
41,0.0020330567800211094,4.947982645074147e-05,0.5,25.151120579823043,374.63472994297575,5.747428295131864,175.6566531719269,19199.30064737651,2.9251712196201245,0.021394282776332325,1.736753704285618e-06,0.7250458293547384,0.5468988987552326,0.017107605229207155,0.0,8,13,15,150.5219509601593
61,0.0030224876971686834,4.947690585070166e-05,0.5,25.104262628601656,373.93197265440585,5.746754091681073,175.6329422978069,19315.401191391335,3.033777661277307,0.02211955844084424,1.0714226190404962e-06,1.0953733489032698,0.5468988987552326,0.017107605229207155,0.0,8,13,15,219.77956533432007
81,0.004012671262980301,4.95493501257042e-05,0.5,25.041915491820255,368.2959166849171,5.746225999940355,175.60908625802853,19460.313782790232,3.073822860930972,0.02232545607149875,7.402219892409426e-07,1.4628442779586908,0.5468988987552326,0.017107605229207155,0.0,8,13,15,288.998309135437
101,0.0050050425402836714,4.969212742173781e-05,0.5,24.96761153795649,368.205978377705,5.7454055870821445,175.58501662676943,19630.598126103476,3.0959636717076724,0.022385759660624848,6.368732505247376e-07,1.8282859411285142,0.5391323692577831,0.05588518424278994,0.0,8,13,15,358.15470337867737
121,0.006000942220372432,4.9895721897791324e-05,0.5,24.881932751340095,403.1435937346565,5.744857883330504,175.56066949609152,19824.55502732928,3.111794602409541,0.02238684593413676,5.983165813655851e-07,2.212379337180166,0.8228800984881357,0.48838843563091,0.0,8,13,15,427.5868866443634
141,0.007001320535070705,5.013626917211407e-05,0.5,24.793691558395295,439.90106001967723,5.743927330171632,175.5359928917591,20041.315801486548,3.1216046837266678,0.02233237078634127,5.977085509451042e-07,2.634061132149241,0.8228800984881357,0.48838843563091,0.0,8,13,15,497.0995373725891
161,0.008006896254250667,5.041276113179738e-05,0.5,24.69198603879577,475.40383796799006,5.743193074350791,175.5109415741806,20280.47989908413,3.1197043282687327,0.02218334677958938,6.073303911081454e-07,3.094265322680686,0.8228800984881357,0.48838843563091,0.0,8,13,15,566.5770542621613
181,0.009018296640458489,5.0715657924684254e-05,0.5,24.595612344080333,509.97880963218034,5.742368289027249,175.4854728007745,20541.935316182527,3.1049325842593842,0.02193380209287376,6.066187555164113e-07,3.5925735178533356,0.8228800984881357,0.48838843563091,0.0,8,13,15,635.9033782482147
201,0.010035943673361926,5.103507834727415e-05,0.5,24.494606585153004,543.8416480040557,5.741420882455751,175.45954938369565,20825.679706027837,3.086329221363897,0.021649686462727056,6.055967422180311e-07,4.128782148816565,0.8228800984881357,0.48838843563091,0.0,8,13,15,705.1083552837372
220,0.011008714922308467,5.134622459307875e-05,0.5,24.4035080781842,575.4787116395665,5.740424487887013,175.43447138007596,21115.919131640137,3.068830717320162,0.021374914073738035,6.178735541962522e-07,4.673203480927474,0.8228800984881357,0.48838843563091,0.0,8,13,15,770.8877265453339
240,0.012039097128803859,5.167534313072863e-05,0.5,24.315525552414076,608.3018607640996,5.739362183600443,175.4075716574504,21443.229516509862,3.05034448354186,0.021079559457667485,6.368055937861114e-07,5.283076700027308,0.8228800984881357,0.48838843563091,0.0,8,13,15,840.0150933265686
259,0.01302403101000692,5.1984774128204535e-05,0.5,24.2339038580214,639.0709049717052,5.738267676710493,175.38151786567465,21774.840436403727,3.035534074160382,0.020813187666024552,6.499760025070759e-07,5.89736654975889,0.8228800984881357,0.48838843563091,0.0,7,13,15,903.6018421649933
278,0.014014782732141117,5.2287624080341485e-05,0.5,24.162233794176615,669.4560239920942,5.73725414960211,175.35495739887116,22126.474320696936,3.025056856614049,0.020572166472674912,6.330020766690453e-07,6.545579203923817,0.8228800984881357,0.48838843563091,0.0,7,13,15,967.0712378025055
297,0.015011202504266949,5.258157874879015e-05,0.5,24.099779596035564,699.461036673691,5.73612386677444,175.32787245581028,22497.914134166796,3.020521854077461,0.020367314455941143,6.199653800664195e-07,7.2275872167477,0.8228800984881357,0.48838843563091,0.0,7,13,15,1030.556864976883
316,0.01601310654361704,5.286531022698173e-05,0.5,24.042028537748614,729.0815231991977,5.734865401341057,175.3002465056669,22888.84991560503,3.0208376287430876,0.02019099824820456,6.086550372350407e-07,7.943218497307783,0.8228800984881357,0.48838843563091,0.0,7,13,15,1094.0308368206024
335,0.01702029489503047,5.313837788111584e-05,0.5,23.995978430424064,758.3087126223234,5.733748002902117,175.27206375202314,23298.893212776944,3.024418610551247,0.020032528159916213,6.073940887330417e-07,8.69225955707054,0.8228800984881357,0.48838843563091,0.0,7,13,15,1157.5175001621246
354,0.01803256728007968,5.340113631481771e-05,0.5,23.959704636617214,787.1317286108091,5.73219693798028,175.24330870901173,23727.590529550045,3.028395853850514,0.019873143784623362,5.964918385459613e-07,9.474462897769824,0.8228800984881357,0.48838843563091,0.0,7,13,15,1221.0423965454102
373,0.019049737546918976,5.3654664304555725e-05,0.5,23.927837217863487,815.5388147068405,5.731228550517832,175.21396593425396,24174.432628751158,3.028909682881678,0.01968832763690786,5.882601334545765e-07,10.28955730987077,0.8228800984881357,0.48838843563091,0.0,7,13,15,1284.5961451530457
391,0.02001774582428997,5.388788119565659e-05,0.5,23.90277774631832,842.0563048102521,5.729929773509356,175.18561095489466,24613.99460914196,3.0280045336024664,0.019502530768597044,5.868121991784144e-07,11.091840207981923,0.8228800984881357,0.48838843563091,0.0,7,13,15,1344.6983032226562
410,0.02104403216317295,5.4128911470400994e-05,0.5,23.886112593783977,869.6193473005897,5.72862837333359,175.15507699411597,25094.568267998704,3.028827331539578,0.019316643125934188,5.815974164647471e-07,11.970174877161911,0.8228800984881357,0.48838843563091,0.0,7,13,15,1408.2696664333344
428,0.022018515906376008,5.400419018728638e-05,0.5,23.872824331511815,895.2650332281227,5.727433125359621,175.12563205410672,25564.08805864818,3.029369149602556,0.019138632481914195,5.748096207186223e-07,12.830100445891025,0.8228800984881357,0.48838843563091,0.0,7,13,15,1468.6420922279358
447,0.02304064723040388,5.3613390047628524e-05,0.5,23.865705278545022,921.6131950569089,5.726125140678207,175.0943036419164,26069.689919094122,3.02803236196962,0.018940497764973894,5.449124594987337e-07,13.758644520428224,0.8228800984881357,0.48838843563091,0.0,7,13,15,1532.1510848999023
465,0.024002353449206294,5.326562809700684e-05,0.5,23.860706876731214,945.8892887568364,5.724908391226703,175.06440328148102,26557.02542185674,3.0257935220413725,0.018749055619762877,5.209813550087991e-07,14.656638896584539,0.8228800984881357,0.48838843563091,0.0,7,13,15,1592.4233796596527
484,0.02501090999093732,5.291984434141728e-05,0.5,23.85824870897584,970.8170356129957,5.723580130944484,175.03259118300696,27079.519682393864,3.025085879301109,0.01855993091213779,5.039618001564935e-07,15.623192247594751,0.8228800984881357,0.48838843563091,0.0,7,13,15,1655.8909986019135
503,0.026013093945907298,5.2593384131585186e-05,0.5,23.858602190136917,995.0575947469147,5.722339391473377,175.00050573094575,27609.614659010043,3.027569364777974,0.01839308056555147,4.890471974545178e-07,16.60827625360937,0.8228800984881357,0.48838843563091,0.0,7,13,15,1719.3658728599548
522,0.027009247090185696,5.228373150274273e-05,0.5,23.859509163473394,1018.6408027155029,5.721131142487478,174.9681326574053,28146.63842690587,3.0325630334558853,0.018244025858718566,4.791763625359532e-07,17.61125224873965,0.8228800984881357,0.48838843563091,0.0,7,13,15,1782.890076160431
542,0.028051638351898032,5.197336279278909e-05,0.5,23.861670757534185,1044.8921370581677,5.719941496079812,174.933731489988,28718.703505697777,3.0385907756600306,0.018094491041963215,4.780542219189208e-07,18.68675660107747,0.8014235688345042,0.5200921267261488,0.0,7,13,15,1849.763528585434
561,0.02903629182881732,5.1691095562978704e-05,0.5,23.859464485895902,1069.5473375939362,5.718693388126031,174.90073143459426,29267.95891345819,3.0426465732129464,0.017945272294320188,4.7564349802281015e-07,19.72775169130326,0.8014235688345042,0.5200921267261488,0.0,7,13,15,1913.6636154651642
580,0.030015688398817283,5.14191661116926e-05,0.5,23.861052362024093,1093.8026416446871,5.717661039525021,174.8674115660992,29822.272376396297,3.044805616645787,0.017787889136719574,4.6535947590508846e-07,20.78714046599116,0.8014235688345042,0.5200921267261488,0.0,7,13,15,1977.4317615032196
600,0.03104114986889321,5.114227953761561e-05,0.5,23.865087555807122,1118.9360721366804,5.71654307375776,174.831984222056,30410.634373980778,3.047350074470042,0.01762724335390973,4.5334113181561595e-07,21.92167961315524,0.8014235688345042,0.5200921267261488,0.0,7,13,15,2045.6608922481537
619,0.03201028645121038,5.0886641131007415e-05,0.5,23.863218701592043,1142.4646551330186,5.7155077872090105,174.79798553859456,30973.69153292147,3.0523462971198527,0.017492694559669092,4.509931583817334e-07,23.0174826991931,0.8014235688345042,0.5200921267261488,0.0,7,13,15,2113.569734096527
639,0.03302525152961266,5.06239987063512e-05,0.5,23.86214993035066,1167.7003835841251,5.714378205169367,174.76183087067713,31570.235968859084,3.0600755129757804,0.017368261561839512,4.526142150003148e-07,24.18985111901497,0.7843050453683265,0.5445847549302737,0.0,7,13,15,2184.1317846775055
659,0.03403502300484897,5.036683340406947e-05,0.5,23.86070042212953,1193.3344333476507,5.713411509757372,174.72529526944444,32170.337681390043,3.067749224642831,0.017246501607024275,4.5380308650647205e-07,25.38190392410372,0.7843050453683265,0.5445847549302737,0.0,7,13,15,2255.590980052948
679,0.03503946366191166,5.003451805429331e-05,0.5,23.852328402853274,1218.7936896448548,5.712537892003263,174.68838426081362,32773.54323485778,3.0741878505420166,0.017120860854902286,4.458028909975809e-07,26.593323702492707,0.7843050453683265,0.5445847549302737,0.0,7,13,15,2327.1460161209106
699,0.036034067570710725,4.945311980214442e-05,0.5,23.84833605619126,1244.138995368176,5.71156479565511,174.65128654016814,33376.83971426081,3.079572162083834,0.016993184985226208,4.3579740968623263e-07,27.81814494030418,0.7738211231381141,0.5592991990590228,0.0,7,13,15,2395.0730702877045
719,0.03701694267138178,4.886277386289321e-05,0.5,23.835399466970564,1269.7641104322915,5.71080697486045,174.61408998345195,33978.827186583025,3.083334446036708,0.016860704786468256,4.296934465407586e-07,29.053571324399638,0.7738211231381141,0.5592991990590228,0.0,7,13,15,2465.652519226074
740,0.038036194679294734,4.823826194616537e-05,0.5,23.823365279302408,1296.4365238806079,5.7099171689553,174.57494545231242,34609.24580260642,3.0843254134707614,0.016709964018656695,4.2519764052653673e-07,30.361373899015096,0.7738211231381141,0.5592991990590228,0.0,7,13,15,2540.608441591263
761,0.03904233444292372,4.761500795554417e-05,0.5,23.806421930940587,1322.8877194665195,5.709027096023491,174.5357251222054,35237.87000521464,3.0820283645510953,0.016546167459645936,4.269046586891785e-07,31.679077036549575,0.7738211231381141,0.5592991990590228,0.0,7,13,15,2615.3110320568085
782,0.040035462182699315,4.699981793348499e-05,0.5,23.788171753943583,1349.136492742014,5.708169747309525,174.4964380627744,35864.80566057469,3.0770622980950506,0.016372831109708844,4.1933890358649804e-07,33.00590771979773,0.7738211231381141,0.5592991990590228,0.0,7,13,15,2690.423000574112
803,0.04101582705676056,4.640001539053379e-05,0.5,23.766575954393947,1375.261076376067,5.707479504408212,174.4570867201614,36490.34176665153,3.070307606415455,0.01619468392150677,4.0156634086195605e-07,34.341359559668334,0.7746078219067807,0.5582038626455608,0.0,7,13,15,2763.694468021393
825,0.042029632513294564,4.579650116863153e-05,0.5,23.739481429045732,1402.467986393936,5.706559599667734,174.41578710879332,37144.66918884003,3.061939263686888,0.016006091292215006,3.8295673939507354e-07,35.74939799997299,0.7746078219067807,0.5582038626455608,0.0,7,13,15,2842.193091392517
847,0.04303053844668997,4.522727702557883e-05,0.5,23.709981770034332,1429.5233563641277,5.7055842821873535,174.374396244537,37798.68724796721,3.054050503257609,0.015824631786941754,3.7333402277068293e-07,37.16667646911848,0.7746078219067807,0.5582038626455608,0.0,7,13,15,2920.461899995804
869,0.04401940341535397,4.470140903369777e-05,0.5,23.67601823571401,1456.456352678481,5.7048075329900865,174.3328882076944,38453.29982987908,3.0481894675361705,0.01565780351859424,3.702758398660439e-07,38.59359858639216,0.7746078219067807,0.5582038626455608,0.0,7,13,15,2998.9215104579926
892,0.045041494081368635,4.420792001374038e-05,0.5,23.635900908064677,1484.518099800798,5.70396040755041,174.28932755860222,39139.47834778519,3.044220915124566,0.015498278839084341,3.6167417736592516e-07,40.09656985482549,0.7746078219067807,0.5582038626455608,0.0,7,13,15,3079.841566801071
914,0.04600924798557512,4.379942594131453e-05,0.5,23.594109051470536,1511.3064621090111,5.703028885197489,174.24745059548295,39798.8722357238,3.0416608973837262,0.015355076080651233,3.5154574062433623e-07,41.546180312878434,0.7746078219067807,0.5582038626455608,0.0,7,13,15,3157.4954142570496
937,0.04701227365685736,4.3449426499527166e-05,0.5,23.547428938311118,1539.3023484852802,5.702085916533549,174.20338086653084,40493.035990917466,3.037647158125465,0.015201431542144256,3.441063956861006e-07,43.07609978791137,0.7746078219067807,0.5582038626455608,0.0,7,13,15,3239.6795008182526
960,0.04800830596006027,4.3189252669791105e-05,0.5,23.493869909199635,1567.34072230904,5.7010452845767805,174.15892805825868,41193.96965839268,3.029669966170531,0.01503063357368823,3.3824252572628484e-07,44.62325821442768,0.7746078219067807,0.5582038626455608,0.0,7,13,15,3321.3450272083282
984,0.04904256542172201,4.302496472048438e-05,0.5,23.43424268916552,1596.7088616702558,5.699905320356745,174.11201893549335,41934.906243828475,3.0196245595371307,0.014846501635247126,3.3635461705151965e-07,46.25948232412642,0.7746078219067807,0.5582038626455608,0.0,7,13,15,3406.9965460300446
1007,0.05003120862181796,4.295694235857426e-05,0.5,23.37378452502426,1625.024153803703,5.698873415012638,174.06644209939026,42656.46942940582,3.0112372969565264,0.014678227019157135,3.3068443980856643e-07,47.852054543262895,0.7746078219067807,0.5582038626455608,0.0,7,13,15,3488.5957021713257
1030,0.05101923098379332,4.297609293815856e-05,0.5,23.30629733021407,1653.557398000139,5.6977444872776015,174.0201541776309,43391.377367972476,3.0028719906984964,0.014511699838718521,3.2677830745539754e-07,49.47171048763394,0.7746078219067807,0.5582038626455608,0.0,7,13,15,3569.6081821918488
1053,0.052009036386250644,4.310601124894457e-05,0.5,23.236922125845858,1682.3756643748227,5.696560529919453,173.97301850437546,44142.23158723722,2.9943845103188265,0.01434582858729142,3.2211116490883274e-07,51.122672771321305,0.7746078219067807,0.5582038626455608,0.0,7,12,15,3651.8752071857452
1076,0.05300303794793719,4.3333433788665016e-05,0.5,23.16235665411022,1711.5469270206431,5.695199579238373,173.9248898129431,44911.79319893107,2.986178083937271,0.014182164052375998,3.233930713609904e-07,52.809454949366476,0.7746078219067807,0.5582038626455608,0.0,7,12,15,3732.576239347458
1099,0.05400318412229904,4.3631726808009105e-05,0.5,23.08106353817467,1741.126019789705,5.693882490531514,173.87563901270298,45702.6190901697,2.979262525122066,0.014025121471081734,3.265822161323867e-07,54.536043768903994,0.7746078219067807,0.5582038626455608,0.0,7,12,15,3814.596549510956
1122,0.05501066569602169,4.39629145172573e-05,0.5,22.99762243343747,1771.1453380003557,5.69250604569997,173.82517073026196,46516.80949188737,2.9729900117544985,0.013871322054020026,3.268179441422855e-07,56.305318106347656,0.7746078219067807,0.5582038626455608,0.0,7,12,15,3893.875956058502
1145,0.05602573289900768,4.428494418908641e-05,0.5,22.908114461024535,1802.4011106775226,5.691064243143766,173.77343643313253,47355.798059218854,2.9665515113563345,0.013716875320393711,3.3251633453392204e-07,58.11901300554764,0.7602510825944346,0.5780284490830385,0.0,7,12,15,3970.5012397766113
1167,0.05700316055286571,4.4551087258131785e-05,0.5,22.81990873294562,1834.4261730817832,5.689536424044239,173.722767154608,48182.16801764086,2.96140976516834,0.013573973590433008,3.3217608832998e-07,59.8963807852735,0.7602510825944346,0.5780284490830385,0.0,7,12,15,4043.7226133346558
1190,0.058030528317282074,4.4763004364024304e-05,0.5,22.83093278015204,1868.471755307528,5.688050682560527,173.66859511479896,49071.13577984197,2.9590214667779433,0.01343836123198651,3.354694369118501e-07,61.798499768549156,0.7602510825944346,0.5780284490830385,0.0,7,12,15,4120.541627883911
1212,0.05901645851221359,4.4851123668665506e-05,0.5,22.872268714429218,1901.5109221573377,5.6863868790976655,173.61571933506684,49944.650310490826,2.9603446700168985,0.013325085661490233,3.367320143027813e-07,63.65696964658985,0.7602510825944346,0.5780284490830385,0.0,7,12,15,4193.992109298706
1234,0.06000361522879517,4.488066626847907e-05,0.5,22.910370215732822,1934.947157248717,5.684838160548442,173.56189718084644,50840.00561172803,2.963969528529748,0.013222205123268764,3.359301039910971e-07,65.55056232707452,0.7602510825944346,0.5780284490830385,0.0,7,12,15,4267.590587377548
1257,0.06103482133496164,4.471375264848243e-05,0.5,22.941562615602827,1970.2513109539968,5.683174054495609,173.50472295496078,51798.24107376206,2.9691810682513413,0.013121121515320614,3.3255854727035696e-07,67.5640945801758,0.7602510825944346,0.5780284490830385,0.0,7,12,15,4344.467894554138
1279,0.06201591506487641,4.451669567566652e-05,0.5,22.972999302222757,2004.192152200338,5.6814510071257525,173.44942627713138,52732.33641723938,2.9748771529509823,0.013028158913783377,3.2690551118615797e-07,69.51374536097653,0.7602510825944346,0.5780284490830385,0.0,7,12,15,4417.685196876526
1302,0.06303938306034275,4.451599958714702e-05,0.5,22.99906627142809,2039.9603211288124,5.679699723293654,173.39077254610572,53730.70965510285,2.9805652481977023,0.01293001030566877,3.267354035355685e-07,71.58327567359575,0.7602510825944346,0.5780284490830385,0.0,7,12,15,4494.342695474625
1324,0.06401886199335013,4.447651269207668e-05,0.5,23.01764477889775,2074.532547675068,5.6780499884102404,173.33368413694467,54709.594042322045,2.985194308378825,0.012832556264089518,3.2806627423476623e-07,73.59830521609702,0.7602510825944346,0.5780284490830385,0.0,7,12,15,4567.754930973053
1347,0.06504041428102296,4.436146381366886e-05,0.5,23.03769248037041,2110.9415823877216,5.676268561125959,173.273139500752,55755.46069861633,2.990474578870368,0.01273291610264804,3.300699970903939e-07,75.73614555237755,0.7602510825944346,0.5780284490830385,0.0,7,12,15,4644.598478078842
1369,0.06601524249128288,4.426632260807722e-05,0.5,23.0495727582184,2146.016683801685,5.674493356180165,173.2143884575262,56777.654967104965,2.997321757003711,0.012645534181705,3.3165003131016466e-07,77.81104705626784,0.7602510825944346,0.5780284490830385,0.0,7,12,15,4718.358912944794
1392,0.06703236517877902,4.41862251005968e-05,0.5,23.059338025304097,2184.036075094652,5.6728425070083714,173.1520499315666,57869.73580938294,3.0059087012482664,0.012560359845602711,3.291674857262889e-07,80.0131445058322,0.7553882505956528,0.58459583895298,0.0,7,12,15,4795.293238162994
1414,0.06800379258306678,4.4131722407440896e-05,0.5,23.06369947695049,2224.428921180114,5.671111115121082,173.0914997689477,58937.39782344894,3.0144282230049977,0.012480242804709886,3.263884963070671e-07,82.15439635994454,0.7366756347879022,0.6098435318238341,0.0,7,12,15,4868.924388408661
1437,0.06901840431313713,4.410155736134813e-05,0.5,23.061784191699665,2267.5291550207553,5.669624007480535,173.02717775457648,60078.47639993203,3.023676584355313,0.012397939524040903,3.2884665364946486e-07,84.43319303749337,0.7366756347879022,0.6098435318238341,0.0,7,12,15,4945.95855307579
1460,0.07003268770173035,4.410241832700858e-05,0.5,23.058866421204087,2311.2603325516466,5.668130123458374,172.96174802476267,61245.88342869395,3.034491401740723,0.012322007290530368,3.3839981779630053e-07,86.75528809604833,0.7366756347879022,0.6098435318238341,0.0,7,12,15,5023.1437747478485
1482,0.07100326095016288,4.4135515302288805e-05,0.5,23.047218181630324,2353.7107202511097,5.666700748622776,172.8980570174461,62388.10439484933,3.0465166982953913,0.01225600885247501,3.443129522145701e-07,89.01913615032957,0.7366756347879022,0.6098435318238341,0.0,7,12,15,5096.827318906784
1505,0.07201916184067303,4.4207148131171445e-05,0.5,23.0321465847834,2398.775128913635,5.665324594923479,172.83023280564302,63610.07978123621,3.061272821456348,0.012195412076255487,3.4575656778008884e-07,91.43316345348126,0.7366756347879022,0.6098435318238341,0.0,7,12,15,5174.53941655159
1528,0.07303471306089485,4.397608532251871e-05,0.5,23.013913115663318,2444.467480222784,5.664090850460517,172.76122895605886,64858.69895594553,3.079396998426798,0.012147877861158264,3.3947148326288323e-07,93.89244392425064,0.7366756347879022,0.6098435318238341,0.0,7,12,15,5251.456701517105
1551,0.07403955714796938,4.343023306855845e-05,0.5,22.988689839376853,2490.308248114288,5.663018108979476,172.69178135217146,66120.87446497883,3.100935702754904,0.012114475085472176,3.35098123642293e-07,96.37178403007985,0.7366756347879022,0.6098435318238341,0.0,7,12,15,5327.967355251312
1574,0.07503221755241657,4.291620565683603e-05,0.5,22.961796302737344,2536.203205336456,5.661807241476325,172.6220120028492,67393.83843282191,3.1254563511329736,0.012093379734466267,3.344339858662692e-07,98.86659347625027,0.7366756347879022,0.6098435318238341,0.0,7,12,15,5404.732984542847
1597,0.0760135005310345,4.2440334448969326e-05,0.5,22.93107360658794,2582.160827576251,5.660825887708354,172.55187792451613,68677.64851901603,3.152414148485142,0.012082145117489122,3.3209626888831906e-07,101.37787522818402,0.7366756347879022,0.6098435318238341,0.0,7,12,15,5481.648732185364
1621,0.0770263508697591,4.199109684882995e-05,0.5,22.893812916149095,2630.643284743792,5.660012278693785,172.47824385727802,70029.18687078544,3.1828619917619823,0.012079537307771001,3.2735345094938195e-07,104.0177704336182,0.7228299551230565,0.6282376729944206,0.0,7,12,15,5562.045001745224
1645,0.07802907710946125,4.159503708190707e-05,0.5,22.85666478258191,2680.6235567903186,5.659006688116108,172.4040707706108,71393.52748797603,3.215350838471124,0.012084688995929288,3.2525359588390815e-07,106.68064374765129,0.7228299551230565,0.6282376729944206,0.0,7,12,15,5644.476762533188
1669,0.07902298748118455,4.1254243431411234e-05,0.5,22.81513677639672,2730.752813511854,5.658148138194017,172.32926752517983,72771.528578349,3.2491510036644744,0.012094588544289442,3.3048213439610425e-07,109.36985529752216,0.7228299551230565,0.6282376729944206,0.0,7,12,15,5731.948141336441
1693,0.08000940528428856,4.096808128415768e-05,0.5,22.770365456589083,2781.0562167619564,5.6570231630619,172.25373643391197,74164.1608639667,3.2838418045659057,0.012107471034026821,3.3632862753713085e-07,112.08832857490792,0.7228299551230565,0.6282376729944206,0.0,7,12,15,5820.059061050415
1718,0.08103033690318567,4.072520856310458e-05,0.5,22.722132101223323,2833.6657688906434,5.656209799487219,172.1741766366429,75631.45086956234,3.3216906487788047,0.01212668220075751,3.337170706653784e-07,114.95445217814269,0.7228299551230565,0.6282376729944206,0.0,7,12,15,5908.949892044067
1742,0.0820053479370511,4.054098451482464e-05,0.5,22.674743663227567,2884.3919712157212,5.6552991595247715,172.09685075850905,77057.00512622832,3.36037848738788,0.012153016359094748,3.360845895535652e-07,117.74203687258434,0.7228299551230565,0.6282376729944206,0.0,7,12,15,5994.512424945831
1767,0.08301688394838999,4.039512804530116e-05,0.5,22.62242503053408,2937.6732998362795,5.654244053787253,172.01521072649788,78560.57131846911,3.402760763601762,0.012187044784520333,3.539780686373111e-07,120.68665121360166,0.7233661205913654,0.6274922886835591,0.0,7,12,15,6082.826931715012
1792,0.08402532908166085,4.0291203922998744e-05,0.5,22.56613653747908,2991.239791973032,5.65309521732841,171.9323546905072,80083.96587892513,3.446094943069435,0.012223396083185992,3.688446879809255e-07,123.67614299011217,0.7233661205913654,0.6274922886835591,0.0,7,12,15,6172.668507814407
1817,0.08503166793040966,4.0224361339070996e-05,0.5,22.506495662885317,3045.069048750348,5.652070778349827,171.8481850716239,81627.86706180491,3.488636448020853,0.012255832202660284,3.753441626905621e-07,126.71342903484506,0.7233661205913654,0.6274922886835591,0.0,7,12,15,6266.397436380386
1842,0.08603676812992204,4.019009263378877e-05,0.5,22.448542532363245,3099.147528581815,5.650998121613892,171.76260994049906,83192.78527289412,3.529596439755297,0.012281690749971057,3.890519956366379e-07,129.801205688707,0.7233661205913654,0.6274922886835591,0.0,7,12,15,6359.615270853043
1866,0.08700120603233251,4.0184088859110317e-05,0.5,22.391084858529993,3151.275534557868,5.64982265396409,171.67905563346523,84715.22074457747,3.568695124228675,0.01230484458894863,4.13517865288628e-07,132.8152781428032,0.7233661205913654,0.6274922886835591,0.0,7,12,15,6451.014773130417
1891,0.08800599876152887,4.0202543346057246e-05,0.5,22.327705853256763,3205.7648682095028,5.648607664865224,171.59048109866254,86322.24732801555,3.611087649235277,0.012333744496583997,4.3655816971074896e-07,136.00903213075728,0.7233661205913654,0.6274922886835591,0.0,7,12,15,6543.447236537933
1916,0.08901154999594431,4.024344883825579e-05,0.5,22.26052671388683,3260.405182093596,5.647341045538639,171.5002601719007,87950.87720944933,3.6559042753722006,0.012369850680476397,4.4488389679534207e-07,139.26006476876847,0.7233661205913654,0.6274922886835591,0.0,7,12,15,6635.961570739746
1941,0.09001838438001003,4.030322314689778e-05,0.5,22.192761273398283,3315.144170221969,5.646200520428475,171.40831896890836,89600.95175326972,3.7030440304885475,0.012412643268348164,4.4318994844499465e-07,142.57030935978466,0.7233661205913654,0.6274922886835591,0.0,7,13,15,6729.449394702911
1966,0.09102690048043513,4.037701031047246e-05,0.5,22.123191129761796,3369.9164515772445,5.644848356859552,171.31459347669085,91272.0649392399,3.7522354243501908,0.01246107038803677,4.462240829681017e-07,145.94130499448582,0.7233661205913654,0.6274922886835591,0.0,7,13,15,6822.479989051819
1991,0.09203742568880055,4.046380228389032e-05,0.5,22.049488459274205,3424.646383206337,5.643522217478665,171.2190255021418,92963.60878706131,3.803843202390972,0.012516223608743238,4.653209873845737e-07,149.37434350667164,0.7233661205913654,0.6274922886835591,0.0,7,13,15,6917.241424560547
2015,0.09300972338539562,4.055931193694074e-05,0.5,21.975628530217488,3477.071102874549,5.642198874533119,171.12549228162186,94606.03456394614,3.857718133526139,0.012582088452162778,4.902210737553068e-07,152.7296055138048,0.7233661205913654,0.6274922886835591,0.0,7,13,15,7007.1285009384155
2040,0.09402515134452533,4.0672600234757744e-05,0.5,21.898360674843154,3531.474706058976,5.64071471353899,171.02613976820749,96335.40769094195,3.9209960942512065,0.01267239941187411,4.976371212668557e-07,156.28794219742102,0.7233661205913654,0.6274922886835591,0.0,7,13,15,7100.8925976753235
2064,0.09500277806664917,4.079304880509267e-05,0.5,21.82139487601425,3583.4183132770086,5.639532215170464,170.92885948696656,98012.49054650262,3.9894245434762694,0.012782036614602019,4.774995097481618e-07,159.76579696779865,0.7233661205913654,0.6274922886835591,0.0,7,12,15,7189.195302248001
2089,0.09602435111206079,4.092898846673755e-05,0.5,21.736722230799664,3637.1310868566447,5.6381651548870195,170.8254880868628,99775.8998719228,4.0667015487037474,0.01291321500185461,4.610969596171285e-07,163.45395628791843,0.7233661205913654,0.6274922886835591,0.0,7,12,15,7280.100764989853
2113,0.0970083680371683,4.1067855890896905e-05,0.5,21.651548375451835,3688.2145147924575,5.636624970684968,170.72424615058563,101483.24057471033,4.143749986043001,0.013045990446664615,4.894362572338565e-07,167.0580883150607,0.7233661205913654,0.6274922886835591,0.0,7,12,15,7370.473912239075
2138,0.0980370214678878,4.121936199263667e-05,0.5,21.56041512942321,3740.8111131867936,5.635054726649536,170.61665067497432,103275.0909924266,4.226384527526039,0.01318945982315763,5.407872512625747e-07,170.8790346646227,0.7233661205913654,0.6274922886835591,0.0,7,12,15,7463.609634876251
2162,0.09902815623233745,4.136956855416985e-05,0.5,21.46952160825013,3790.5983786263473,5.633546038904143,170.51127078746813,105006.19732177482,4.309259119962163,0.013336054650641879,5.620258440478883e-07,174.61135555094373,0.7233661205913654,0.6274922886835591,0.0,7,12,15,7550.5738615989685
2186,0.10002293570185417,4.15226880904502e-05,0.5,21.374806966386476,3839.576623443531,5.6318878708736815,170.40381269126306,106745.89011675605,4.39508434829828,0.013489647192487696,5.472609814891552e-07,178.40652627138311,0.7233661205913654,0.6274922886835591,0.0,7,12,15,7637.884659528732
2210,0.10102140980458374,4.1677160568898734e-05,0.5,21.27860228233394,3887.6250480205363,5.630014155909823,170.2942499950229,108491.82120619394,4.481258054514869,0.013642296884585061,5.422152320442088e-07,182.2642316491459,0.7233661205913654,0.6274922886835591,0.0,7,12,15,7724.728367090225
2234,0.10202359469665316,4.183174298163315e-05,0.5,21.178548762012863,3934.619563693631,5.628320470833628,170.1825625343102,110241.37334916026,4.566854386299279,0.013791399694374498,5.90156992650831e-07,186.1838993351116,0.7233661205913654,0.6274922886835591,0.0,7,12,15,7813.5289351940155
2258,0.10302948203216981,4.1985633573113785e-05,0.5,21.074547488752614,3980.4339089578616,5.626381689780693,170.06873565703904,111991.68875325091,4.653661813926792,0.013942581252274431,6.46870894139326e-07,190.16472535915022,0.7233661205913654,0.6274922886835591,0.0,7,12,15,7900.4959626197815
2282,0.10403905031701675,4.213851776570276e-05,0.5,20.967421412268962,4024.940608514785,5.6242038647971,169.95275810213585,113739.72214655433,4.7431302444463155,0.014100298428082178,6.457539779502375e-07,194.20571146973134,0.7233661205913654,0.6274922886835591,0.0,7,12,15,7989.017898321152
2305,0.10500997354063918,4.228272615576898e-05,0.5,20.862038864525356,4066.2468618847224,5.622182371137115,169.83958725018863,115409.79969986407,4.8310903708138,0.014256812230911435,6.17243930129626e-07,198.13367238057816,0.7233661205913654,0.6274922886835591,0.0,7,12,15,8071.116372346878
2329,0.1060266174759536,4.2430648433692915e-05,0.5,20.814903672505775,4107.818992354491,5.620083022850649,169.7193798054643,117143.86941203538,4.924901395316217,0.014424974471373472,6.367373034015291e-07,202.28872961936466,0.7233661205913654,0.6274922886835591,0.0,7,12,15,8158.597247600555
2352,0.10700269110315522,4.2327495584404714e-05,0.5,20.91478015194839,4146.01637574736,5.618088695660209,169.60233951461143,118791.71815537132,5.017777901743864,0.01459403992663641,6.711729475591785e-07,206.31690513239874,0.7233661205913654,0.6274922886835591,0.0,7,13,15,8238.55376958847
2376,0.10801403394017912,4.196741852568742e-05,0.5,21.04181616824871,4183.719158373979,5.616462036720542,169.4794165658005,120478.51613638886,5.1186052702989056,0.014782009984008809,6.635467321549408e-07,210.5290143157673,0.7233661205913654,0.6274922886835591,0.0,7,13,15,8322.815495967865
2400,0.10901685028551904,4.1617238790572885e-05,0.5,21.16310739050458,4219.118369532929,5.614581559408347,169.35588598785412,122127.316808192,5.224334309727791,0.01498446239903464,6.47355828557269e-07,214.74226572587764,0.7233661205913654,0.6274922886835591,0.0,7,13,15,8404.809488296509
2424,0.11001144467896153,4.128281876209976e-05,0.5,21.280610839304643,4252.174959175793,5.612945473996583,169.23176844974165,123736.30278511235,5.337368541297907,0.015208122818856893,6.608202591702078e-07,218.95501615084788,0.7233661205913654,0.6274922886835591,0.0,7,13,15,8485.60971045494
2449,0.11103925406749703,4.095996805150717e-05,0.5,21.39758405276609,4284.084439952724,5.611403977657523,169.10185178096884,125368.54499463612,5.468170893968264,0.015478349508082394,6.805775090339123e-07,223.34183992754723,0.7233661205913654,0.6274922886835591,0.0,7,13,15,8570.916357755661
2473,0.11201876124663813,4.0683249766410194e-05,0.5,21.506995003454463,4312.2685121313925,5.609924541244523,168.9764953224834,126892.45469775044,5.610850752796849,0.015785871177540645,6.786861780165768e-07,227.55193464304585,0.7233661205913654,0.6274922886835591,0.0,7,13,15,8651.992045879364
2498,0.11303255136671667,4.0437585986277425e-05,0.5,21.612505613296864,4340.314385782761,5.608654916323618,168.84518557752796,128434.4015678534,5.777764106562416,0.01615686497819743,6.745772858091551e-07,231.93788617057876,0.7372156986571702,0.6090737429100016,0.0,7,13,15,8739.218262910843
2522,0.1140005926115152,4.024838184520358e-05,0.5,21.706112796372704,4366.572983239582,5.60728226106795,168.718340294743,129870.85570662854,5.951948324594735,0.01655093321006919,6.995392463623223e-07,236.15219921409326,0.7372156986571702,0.6090737429100016,0.0,7,13,15,8823.96530342102
2547,0.11500481130478875,4.010413093098435e-05,0.5,21.799913110082173,4391.436615233258,5.606076157446693,168.5852785873048,131321.42505474648,6.141847114168627,0.016983652960157768,7.56256959080577e-07,240.54967769142107,0.7372156986571702,0.6090737429100016,0.0,7,13,15,8909.833441257477
2572,0.11600598376722213,3.999483648409013e-05,0.5,21.88854386845367,4413.731363374228,5.6047429315393265,168.4511611841508,132724.57001296352,6.3367328511748156,0.017428928607293163,8.35774077490162e-07,244.95742354506206,0.7372156986571702,0.6090737429100016,0.0,7,13,15,8995.798330545425
2597,0.1170045975750007,3.99051107582743e-05,0.5,21.969202217032667,4433.408735492629,5.603521329679402,168.3159718744975,134077.83539282513,6.543160988917708,0.01790487646752333,9.334038598192554e-07,249.37486167610203,0.7372156986571702,0.6090737429100016,0.0,7,13,15,9081.59224486351
2622,0.11800163974222871,3.9869153930168024e-05,0.5,22.04413631270302,4450.428927476299,5.602069333882478,168.17961534113877,135378.8789602522,6.776070995697237,0.018452101629116847,1.0710999908567736e-06,253.8036420544962,0.7372156986571702,0.6090737429100016,0.0,7,13,15,9170.720036029816
2648,0.11903841898022093,3.989257962764871e-05,0.5,22.117043385271415,4465.268732291963,5.600677594258553,168.0363898056478,136674.17900772832,7.063004212177547,0.019141210124539784,1.269649253687553e-06,258.42544716742793,0.7372156986571702,0.6090737429100016,0.0,7,13,15,9264.954357385635
2673,0.12003667031578234,3.997378348977544e-05,0.5,22.177804912661895,4476.734937380811,5.599128643929962,167.8971370576075,137861.41450751465,7.3807922696305885,0.019915204812543885,1.3200282620798366e-06,262.88863072035093,0.7372156986571702,0.6090737429100016,0.0,7,13,15,9357.215666770935
2698,0.12103768468203076,4.011094572007249e-05,0.5,22.22986021423503,4485.390262787792,5.5979753395526135,167.75621149792755,138987.83496415793,7.6941145943055655,0.020675396366518786,1.39672380887496e-06,267.37423875909377,0.7372156986571702,0.6090737429100016,0.0,7,13,15,9448.57981300354
2722,0.12200251565084579,4.0291684016906414e-05,0.5,22.277666486554338,4490.984647428616,5.596608934282687,167.61921160841078,140007.0781971818,7.949517302384116,0.021282959616481877,1.894879613580969e-06,271.7045810096293,0.7372156986571702,0.6090737429100016,0.0,7,13,15,9536.12317442894
2747,0.12301275125726195,4.052479771569364e-05,0.5,22.319820945137245,4493.897308091321,5.594962938840731,167.47459472717125,140997.6535705205,8.212858515355814,0.02190973432898464,2.2740006166623076e-06,276.24300484508547,0.7372156986571702,0.6090737429100016,0.0,7,13,15,9627.543177843094
2772,0.12402931595064198,4.0794882859542325e-05,0.5,22.351721399555704,4493.733176379523,5.593502317663993,167.32792219082467,141908.18731635096,8.537933890814413,0.02270278303593688,2.430552189759127e-06,280.811258758915,0.7372156986571702,0.6090737429100016,0.0,7,13,15,9719.633729219437
2796,0.12501190798817352,4.1079188881537815e-05,0.5,22.381204330139717,4490.573496471884,5.592360942384036,167.1851230579959,142699.71739545613,8.885628359461583,0.023560696742619087,2.590236221620661e-06,285.22521285865764,0.7372156986571702,0.6090737429100016,0.0,7,13,15,9807.151706933975
2820,0.1260015270671672,4.137830956578084e-05,0.5,22.4013154801199,4484.360488932414,5.591079664085178,167.04036316808222,143400.40502080816,9.166621499453043,0.024245401831384794,3.1787289835548734e-06,289.66609581099004,0.7372156986571702,0.6090737429100016,0.0,7,13,15,9894.0960521698
2845,0.12704011534585088,4.1696474123017006e-05,0.5,22.423428909469685,4474.5152899054665,5.589687459526033,166.8875623120568,144023.5342267029,9.420096653809654,0.02486100181402801,3.820135463196003e-06,294.31838749803217,0.7372156986571702,0.6090737429100016,0.0,7,13,15,9985.66135597229
2868,0.12800264887337573,4.198897497696313e-05,0.5,22.441718054015755,4462.300456741848,5.588309652895835,166.74523154809694,144493.5833421257,9.75895303114804,0.025712385003598504,4.352054292373214e-06,298.61937989076216,0.7372156986571702,0.6090737429100016,0.0,7,13,15,10065.716667890549
2892,0.1290141609310598,4.229032294743616e-05,0.5,22.470647771351736,4446.206064314131,5.587162146086531,166.59502067137439,144870.54147026894,10.024468449865475,0.026376703542329887,4.789392926833496e-06,303.1249107717648,0.7372156986571702,0.6090737429100016,0.0,7,13,15,10149.454666137695
2916,0.13003284276927135,4.258669368104696e-05,0.5,22.512647609823315,4426.567922845388,5.585964492967806,166.44326369405687,145124.44086927874,10.274176292852236,0.02700926895310887,5.769263696217183e-06,307.64417762940246,0.7372156986571702,0.6090737429100016,0.0,7,13,15,10232.26298379898
2939,0.13101570679554883,4.286714432575666e-05,0.5,22.578268830310083,4404.307004582051,5.584957755647624,166.29649214142793,145249.67150831758,10.59540900175259,0.02784079834081085,5.440616404345373e-06,311.98395227276455,0.7372156986571702,0.6090737429100016,0.0,7,13,15,10311.412851572037
2962,0.13200500343302837,4.3146589765254445e-05,0.5,22.81126656532182,4378.569411754636,5.583710281619896,166.14851915880405,145253.71461642775,10.878136518074413,0.028582459064742292,6.245445428089367e-06,316.32838732580467,0.7372156986571702,0.6090737429100016,0.0,7,13,15,10390.576826572418
2985,0.13300074805568374,4.3428333504086115e-05,0.5,23.054887419812633,4349.251112703415,5.582308085109145,165.99944991148607,145134.62886012378,10.974969909115499,0.0288483123110177,6.815488549995049e-06,320.6737275031698,0.7372156986571702,0.6090737429100016,0.0,7,13,15,10470.099292516708
3008,0.13400303762904284,4.371608845364113e-05,0.5,23.312925710200265,4316.252097877652,5.580738028984984,165.84935929408692,144894.75256969428,11.179125495180468,0.029408654804448906,7.3225622578195245e-06,325.0163992611074,0.7372156986571702,0.6090737429100016,0.0,7,13,15,10549.735801696777
3031,0.1350120562786662,4.401367687084168e-05,0.5,23.548417857940468,4279.477525784258,5.579521680983933,165.69833873944737,144532.45602585547,11.431980423398974,0.030110814009843306,6.456850866803379e-06,329.3530250098048,0.7372156986571702,0.6090737429100016,0.0,7,13,15,10629.365424871445
3054,0.136028075416811,4.4324847088751924e-05,0.5,23.752870951385535,4238.837149387343,5.5779312873258755,165.54651375743575,144047.1078650762,11.422272663814356,0.030135874803720663,7.570790874283712e-06,333.6804103771619,0.7372156986571702,0.6090737429100016,0.0,7,13,15,10708.962195396423
3076,0.13700679749809463,4.463849073081496e-05,0.5,23.97263376505819,4196.267852866969,5.576149944585439,165.40058814418626,143475.20719370537,11.330690810036788,0.029954011516087422,6.572049469369665e-06,337.80822213898807,0.7372156986571702,0.6090737429100016,0.0,7,13,15,10785.296442508698
3099,0.1380376150528459,4.4986346073782796e-05,0.5,24.179190506786757,4147.82449634131,5.574331184248164,165.2474051379593,142766.57210944738,11.519822231838866,0.030529111683942907,7.715783202302103e-06,342.1088405750029,0.7372156986571702,0.6090737429100016,0.0,7,13,15,10865.226834774017
3121,0.13903135153510596,4.534100378036015e-05,0.5,24.369956220389835,4097.655906143498,5.572271896955636,165.1002649704142,141979.64327191707,11.858943297465425,0.03151406705447303,7.250938213543734e-06,346.20575791985766,0.7372156986571702,0.6090737429100016,0.0,7,13,15,10941.369804859161
3143,0.14003316240083363,4.571970008707611e-05,0.5,24.54384356667152,4043.688015149707,5.570341133661686,164.95247617660195,141090.90918307565,11.94168222921508,0.031833710547181315,6.725005459931193e-06,350.2838013208464,0.7372156986571702,0.6090737429100016,0.0,7,13,15,11017.455133199692
3165,0.14104354949856127,4.611619285597918e-05,0.5,24.738925396798273,3985.884026967691,5.567861416220375,164.80413570031584,140103.67704628623,11.897763926917639,0.031828572455895474,9.554483586442787e-06,354.34028931666137,0.7372156986571702,0.6090737429100016,0.0,7,13,15,11093.869153261185
3186,0.142016322784078,4.6514505964614914e-05,0.5,24.91416469272522,3927.1199668985732,5.565741305403878,164.662115655174,139072.92507156284,11.873575860446655,0.03188174726507407,1.0161717373204325e-05,358.1890687633715,0.7372156986571702,0.6090737429100016,0.0,7,13,15,11166.939681053162
3208,0.14304473287263317,4.696231174835997e-05,0.5,25.066761425617095,3863.8686852790493,5.563999882909492,164.51284780695323,137899.89177516603,11.769309970159876,0.03173659944355815,8.543724711295492e-06,362.19523442823066,0.7482870592148023,0.5941907702747771,0.0,7,13,15,11243.444264173508
3229,0.14403592828062625,4.742056413600468e-05,0.5,25.214606965464004,3804.418859243285,5.562145340873145,164.36990157988302,136693.07273504353,11.67531169366977,0.03162251632907467,9.341250344100958e-06,365.9956201288812,0.7482870592148023,0.5941907702747771,0.0,7,13,15,11316.123015165329
3250,0.14503709205178292,4.7910408313548005e-05,0.5,25.366575246155847,3741.319742371012,5.560102387801769,164.22652403325898,135408.41526865392,11.647760438966705,0.03169780371135257,1.011584972677261e-05,369.77288018615855,0.7482870592148023,0.5941907702747771,0.0,7,13,15,11388.792197465897
3270,0.14600046908362527,4.8407481289047935e-05,0.5,25.4671245652895,3677.8095105891725,5.5580833512430035,164.08955171920954,134113.80640510956,11.583404339433256,0.031675204659535106,9.612905120347333e-06,373.3465895454443,0.7482870592148023,0.5941907702747771,0.0,7,13,15,11458.266073226929
3291,0.14702220754846684,4.875886803294874e-05,0.5,25.587858509505388,3607.590902651693,5.556516201340977,163.9454068886244,132683.50539172356,11.370839100290388,0.03126233745791422,9.278439036209948e-06,377.0684764624348,0.7482870592148023,0.5941907702747771,0.0,7,13,15,11531.249322652817
3312,0.14804632879619553,4.878342279659449e-05,0.5,25.68752804217233,3534.4141596110185,5.554762979766944,163.8022289344159,131198.39089887723,11.118131616656934,0.03074149217067871,8.859477802128543e-06,380.72561603025935,0.7482870592148023,0.5941907702747771,0.0,7,13,15,11604.711198568344
3332,0.14902210540992913,4.870064950965133e-05,0.5,25.762973543776464,3462.2690684938693,5.553171998872682,163.6671599086174,129740.68620514896,10.973201098601745,0.030511890632397825,8.368547918517261e-06,384.1392159641028,0.7482870592148023,0.5941907702747771,0.0,7,13,15,11674.70157957077
3353,0.15004078376199378,4.835510964934822e-05,0.5,25.838193960009672,3384.649681412475,5.55167747345869,163.5275815745729,128182.05378777618,10.872487018767933,0.030416242764059586,8.05425560866833e-06,387.62661991854037,0.7482870592148023,0.5941907702747771,0.0,7,13,15,11748.497839450836
3373,0.1510054418776786,4.8137707129111115e-05,0.5,25.886477979303006,3309.2209818013093,5.550100763040178,163.3967990012585,126678.03322980105,10.789350286589352,0.030363441659269887,7.135521411520348e-06,390.85526824884715,0.7482870592148023,0.5941907702747771,0.0,7,13,15,11818.635615825653
3394,0.15201483699259624,4.801884214397454e-05,0.5,25.897055707172893,3228.5889491039547,5.548465542240958,163.26138572350985,125078.58530899328,10.744588578319682,0.03043133280664003,7.314657438531156e-06,394.1548849521051,0.7482870592148023,0.5941907702747771,0.0,7,13,15,11892.33720445633
3415,0.15302289574246067,4.800440521486907e-05,0.5,25.95802280708576,3146.679625649472,5.5466535461843804,163.12763330360497,123465.68369969794,10.662055440985217,0.030395494337454584,6.987699639935573e-06,397.36820758686304,0.7482870592148023,0.5941907702747771,0.0,7,13,15,11965.726209878922
3436,0.15403177442839208,4.8092112138019126e-05,0.5,25.96798934427624,3063.7350906105967,5.544990645086938,162.99530442910756,121839.06377840402,10.533727716115182,0.03023094895015598,7.01678010397692e-06,400.5009851058778,0.7482870592148023,0.5941907702747771,0.0,7,13,15,12037.884413003922
3457,0.15504361190177837,4.828089507293245e-05,0.5,25.944762727222894,2980.0455922844117,5.543131247225884,162.86414408986596,120201.20572279442,10.460593512996986,0.03022633541593854,6.377583611044937e-06,403.5586469938185,0.7482870592148023,0.5941907702747771,0.0,7,13,15,12110.340196609497
3477,0.15601192700060304,4.855168927034078e-05,0.5,25.93181943930884,2899.963727641931,5.54127405014514,162.74005921769765,118635.24788105534,10.433468578595132,0.030347610773655227,6.097389558865033e-06,406.40549789667574,0.7482870592148023,0.5941907702747771,0.0,7,13,15,12179.745846033096
3498,0.15703508232504065,4.8885128972567364e-05,0.5,25.910781836155742,2815.896910774985,5.539248015300309,162.6104662499891,116989.46050803298,10.330929237857339,0.030261656792554013,5.860800020566495e-06,409.32960451964556,0.7482870592148023,0.5941907702747771,0.0,7,13,15,12252.13267660141
3518,0.15801674352454817,4.927426467662754e-05,0.5,25.872802495575137,2736.3002795967886,5.537387655379279,162.48759216499658,115423.94653570633,10.23036403175232,0.030171294420160134,5.801483657681845e-06,412.05479279654685,0.7482870592148023,0.5941907702747771,0.0,7,13,15,12321.156308889389
3538,0.1590070029209044,4.974144510189645e-05,0.5,25.849357380003593,2657.575811534292,5.535469403349719,162.36507821489116,113861.60613907846,10.188878038187287,0.030256000979719956,5.667029604727964e-06,414.7254610375587,0.7482870592148023,0.5941907702747771,0.0,7,13,15,12389.960675239563
3558,0.16000743132433626,5.028696850765233e-05,0.5,25.78582765508853,2580.128197881252,5.533427976593939,162.2427607409264,112305.1992448519,10.140102917966354,0.03032080397020593,5.707189045455571e-06,417.3454349674529,0.7482870592148023,0.5941907702747771,0.0,7,13,15,12458.857427358627
3578,0.16101957069275882,5.0908251246347994e-05,0.5,25.74438440860543,2504.3430208163704,5.531691372501426,162.12045444998256,110758.00904009276,9.997824629205581,0.03010548413416027,5.563149017931974e-06,419.91853171148057,0.7482870592148023,0.5941907702747771,0.0,7,13,15,12528.059763908386
3598,0.16204490752993422,5.160274331789821e-05,0.5,25.667073997887172,2430.567679749478,5.529747178916057,161.997978862252,109222.36097915831,9.794123007126997,0.029700964603431843,5.7999933234817855e-06,422.4485045762112,0.7482870592148023,0.5941907702747771,0.0,7,13,15,12597.157827615738
3617,0.16303252397876863,5.23295161950891e-05,0.5,25.601156921893544,2362.6068805753775,5.528045031708152,161.88133568385726,107776.86721547767,9.606677849519611,0.02932943416549035,5.510581430678098e-06,424.8154135951669,0.7482870592148023,0.5941907702747771,0.0,7,13,15,12663.046468496323
3636,0.16403460870201325,5.31224900509376e-05,0.5,25.53380140320847,2296.9079532716573,5.526521641589869,161.76427697593093,106346.0775956482,9.464961331434715,0.029092649830015277,5.038937114600822e-06,427.15002791153177,0.7482870592148023,0.5941907702747771,0.0,7,13,15,12728.918648719788
3655,0.16505243636088227,5.3983387238670134e-05,0.5,25.438754966609647,2233.5922059454156,5.524933271317731,161.6466697768676,104931.98310225927,9.337272031728077,0.028895083450696694,5.408784780346603e-06,429.45566209681255,0.7482870592148023,0.5941907702747771,0.0,7,13,15,12795.868326663971
3673,0.16602998918454737,5.4374860796428384e-05,0.5,25.325821089696426,2180.656073367167,5.523612664445199,161.53492306205163,103612.69650506615,9.253964993282919,0.028821060194315826,5.331638042058176e-06,431.61324253171296,0.7372156986571702,0.6090737429100016,0.0,7,13,15,12859.132959604263
3691,0.16700870150905567,5.4418119114473825e-05,0.5,25.22767640124137,2132.410852986507,5.522222786868166,161.42431572564112,102332.33521334143,9.163855129916202,0.02872050868326153,5.256839603373919e-06,433.7238684103387,0.7372156986571702,0.6090737429100016,0.0,7,13,15,12922.254004955292
3710,0.16804528147417502,5.4706110976987997e-05,0.5,25.106512603846635,2109.8587130346687,5.520717335083152,161.30850046382037,101020.52617725487,9.098747644943293,0.028703207046568403,5.355872603321399e-06,435.92259422972523,0.9314204882995514,0.2953256622397309,0.0,7,13,15,12988.910590410233
3728,0.16903241026186716,5.482211673295163e-05,0.5,24.984973313276427,2126.6293906393125,5.519528553375023,161.19943139578004,99813.04062549135,9.052470368469343,0.028731538458041956,5.045433155320237e-06,438.01357391265117,0.9314204882995514,0.2953256622397309,0.0,7,13,15,13051.469093799591
3746,0.1700151206684655,5.436535979046342e-05,0.5,24.87873830762,2136.612321791521,5.518445652626999,161.09209741250984,98651.76432509054,8.972812004806348,0.028648060348315633,4.684516986912521e-06,440.1083399109761,0.9314204882995514,0.2953256622397309,0.0,7,13,15,13114.427911996841
3765,0.17104157975922518,5.3682849842677796e-05,0.5,24.734046290320688,2139.9973457150163,5.517015605125457,160.98134005995877,97482.20375380482,8.882880647946712,0.028532930741109973,4.6412211771749875e-06,442.3032223463975,0.9314204882995514,0.2953256622397309,0.0,7,13,15,13180.518220186234
3783,0.17200018809564757,5.2848990388636376e-05,0.5,24.581376103790586,2137.012462650613,5.516063247068418,160.87915727194206,96430.02656020297,8.802127516453815,0.02842961489647697,4.2274588911225155e-06,444.3532109750273,0.9314204882995514,0.2953256622397309,0.0,7,13,15,13243.234040260315
3803,0.1730462220064542,5.179753965613139e-05,0.5,24.421940566136136,2130.2591790459355,5.514458816904508,160.7690314576651,95325.71912033357,8.699125787359613,0.02826172220021055,3.979233715357962e-06,446.58506639694633,0.9319329278575873,0.29407351833770834,0.0,7,13,15,13312.397386550903
3822,0.17402056608482688,5.0837126773576196e-05,0.5,24.269472338198728,2119.1707414597195,5.513277438652483,160.66771682555296,94338.31912500167,8.589034676737224,0.028052102093627445,3.7607621471605704e-06,448.65526983669855,0.9319329278575873,0.29407351833770834,0.0,7,13,15,13378.11147737503
3842,0.17502858059319976,5.0056067682315505e-05,0.5,24.08429407556032,2103.0291697710277,5.511737493555828,160.5641231238267,93357.6568363208,8.499048281214092,0.02790604963911365,3.5376252093715227e-06,450.78328922058415,0.9319329278575873,0.29407351833770834,0.0,7,13,15,13447.662343740463
3862,0.17602466378511708,4.9638521749165974e-05,0.5,23.89968774065179,2083.228802324802,5.51040595072392,160.46289066773224,92428.47833415751,8.474757634570114,0.027968088975661127,3.348272449149402e-06,452.8682198221014,0.9319329278575873,0.29407351833770834,0.0,7,13,15,13517.151106357574
3882,0.1770164178771278,4.9595086195771205e-05,0.5,23.71122683784121,2060.518963589309,5.508748862025695,160.36312114533862,91542.42708123256,8.485530449704067,0.028141056939859663,3.0108087058117157e-06,454.9230092236542,0.9319329278575873,0.29407351833770834,0.0,7,13,15,13587.062879800797
3902,0.17801015877285897,4.9778872135303825e-05,0.5,23.51079142667232,2035.5466760810393,5.507280537780713,160.2640883961732,90692.53991082769,8.47997096747451,0.02825637880210443,2.86140669973533e-06,456.9582231925241,0.9319329278575873,0.29407351833770834,0.0,7,13,15,13657.68796992302
3922,0.17900831712225918,5.003656326777882e-05,0.5,23.30357596518838,2020.567234133352,5.505733889460162,160.1655039698469,89876.71188641465,8.466913269030906,0.02834298112361262,2.8214244936338055e-06,458.9825451753235,0.9336819064061983,0.29022111465724104,0.0,7,13,15,13728.30299282074
3942,0.18001113887111223,5.0179632502852904e-05,0.5,23.08338845115509,2003.2252532263583,5.50422421559168,160.0673141360451,89095.04197135892,8.450940055568722,0.028415735246230537,2.764512025085911e-06,461.0001184849214,0.9336819064061983,0.29022111465724104,0.0,7,13,15,13797.902424812317
3962,0.18101341542937582,5.0006167641026896e-05,0.5,22.845932688321927,1984.1345355927172,5.502833381257978,159.97003936399463,88351.7855347182,8.419682576388485,0.02843191887488629,2.5768464052229477e-06,462.99833710776954,0.9336819064061983,0.29022111465724104,0.0,7,13,15,13867.570600032806
3982,0.18200919136714122,4.955485874862655e-05,0.5,22.610374109916908,1964.0209012675828,5.501378426772281,159.87425948168294,87651.20120818274,8.386863377827607,0.02843650431136162,2.4192602309287058e-06,464.9640761990611,0.9336819064061983,0.29022111465724104,0.0,7,13,15,13937.89891409874
4003,0.18304292550861662,4.89140645491144e-05,0.5,22.35494838566833,1942.488137547709,5.499821724170287,159.77573553017282,86963.7168125676,8.36066554220564,0.028462040473873927,2.2454759161861916e-06,466.98322208276386,0.9336819064061983,0.29022111465724104,0.0,7,13,15,14013.238987207413
4023,0.184014877724611,4.832982605806344e-05,0.5,22.113816829921802,1922.0665923370861,5.498288387677129,159.68391574071734,86353.74668151586,8.332072891825971,0.02846710112143368,2.1747585971774292e-06,468.86130334953543,0.9336819064061983,0.29022111465724104,0.0,7,13,15,14085.257234573364
4044,0.18502480798405244,4.791916792636148e-05,0.5,21.855067311628755,1901.0169573656901,5.4968491454316215,159.589287011757,85756.86187812223,8.294971075527014,0.02844130290974534,2.0517484216856774e-06,470.79182723014424,0.9336819064061983,0.29022111465724104,0.0,7,13,15,14160.825288057327
4065,0.18602941578978885,4.781779064416797e-05,0.5,21.581678676197306,1880.5033702631094,5.495435144690095,159.4958610566156,85199.7007961584,8.256891672770163,0.028405645886401362,1.8859809947267917e-06,472.69129964948763,0.9336819064061983,0.29022111465724104,0.0,7,13,15,14236.358060121536
4086,0.18703473984655716,4.7935105525626826e-05,0.5,21.31652788830014,1860.5619123877266,5.493955538231118,159.40298399113695,84677.72412761733,8.21953076279854,0.028366614881220442,1.8034836159945293e-06,474.5717911127825,0.9336819064061983,0.29022111465724104,0.0,7,13,15,14309.728535175323
4107,0.18804470451632252,4.82809264080893e-05,0.5,21.041870609388102,1841.1980372702728,5.492616954543079,159.3102268779691,84188.21164283591,8.187129056960137,0.028339282227041847,1.803436637134411e-06,476.44111449533597,0.9336819064061983,0.29022111465724104,0.0,7,13,15,14382.45856142044
4127,0.18901569725367667,4.879671878026261e-05,0.5,20.774306388098076,1823.221840719846,5.491207686749158,159.2214930948926,83749.74868233621,8.160051339224774,0.028321742125818877,1.7693947289997622e-06,478.22017703940827,0.9336819064061983,0.29022111465724104,0.0,7,13,15,14451.898746967316
4148,0.19003597104789388,4.848391372013147e-05,0.5,20.622472803414276,1804.9604076729843,5.489637577229707,159.1287476698852,83322.90682089595,8.133582356677348,0.02830453244184615,1.6283909941252193e-06,480.0710466737479,0.9336819064061983,0.29022111465724104,0.0,7,13,15,14524.723036050797
4168,0.1910055074449337,4.853507935047546e-05,0.5,20.47879080944564,1788.1159584805866,5.488032630715825,159.04106112895803,82948.97565723764,8.111006774673703,0.02829181728588155,1.5274466194963708e-06,481.8128558309126,0.9336819064061983,0.29022111465724104,0.0,7,13,15,14594.337320804596
4189,0.19202754459279428,4.8787198516416866e-05,0.5,20.33020323606339,1785.7499451174929,5.486368294604924,158.94900900046042,82587.33963470456,8.084904035268245,0.028264852068877345,1.4781307328543562e-06,483.63916768838743,0.6979593846394931,0.6606563976229808,0.0,7,13,15,14667.80462694168
4209,0.19300488393194937,4.89106645274736e-05,0.5,20.18600572638398,1784.2250668225495,5.484866507220777,158.86130943616192,82272.18743773109,8.057809501018546,0.02822631743134042,1.4685735053072397e-06,485.38370619787224,0.6912780722095372,0.6692343176892683,0.0,7,13,15,14738.226152658463
4230,0.19403150287253773,4.882075122442904e-05,0.5,20.03948183610363,1782.1882044109593,5.4830716044309975,158.76951714550168,81972.97268945715,8.034937189608339,0.028199878635565064,1.4771604756915498e-06,487.21437990497924,0.6912780722095372,0.6692343176892683,0.0,7,12,15,14811.64807677269
4250,0.19500557961611328,4.8588507710840644e-05,0.5,20.11106506242989,1779.688502734272,5.48143383850199,158.68272527261075,81718.7574357801,8.02184250722345,0.028199870666922585,1.450313313352023e-06,488.94915053693603,0.6912780722095372,0.6692343176892683,0.0,7,12,15,14881.258256912231
4271,0.19602288431129533,4.8309322612629544e-05,0.5,20.185266579107413,1776.494780073525,5.479530797366909,158.592369800137,81483.57515312928,8.013646360371693,0.02821393391507204,1.3613819229742313e-06,490.7580115122002,0.6912780722095372,0.6692343176892683,0.0,7,12,15,14954.49787068367
4292,0.19703435934929914,4.80383768119123e-05,0.5,20.262389879541775,1772.7445471407534,5.477846631454046,158.50278902379367,81279.97172427879,8.008954246577591,0.028234912390404425,1.2729558934354123e-06,492.5529950038895,0.6912780722095372,0.6692343176892683,0.0,7,12,15,15027.675122261047
4313,0.19804045647230828,4.7797676892361325e-05,0.5,20.33872588826506,1769.5063283540333,5.476240140483223,158.4138999511663,81106.80882134258,8.007297477844638,0.028261348537684056,1.234603623129195e-06,494.33491921129547,0.6825094222547914,0.6804987507410907,0.0,7,12,15,15100.770948171616
4334,0.19904188222495317,4.759143080124271e-05,0.5,20.414830487786087,1765.9925874465334,5.474491411333981,158.32559801900578,80962.80215921548,8.008556998108158,0.028293036374632877,1.2314454612084635e-06,496.10518904266087,0.6825094222547914,0.6804987507410907,0.0,7,12,15,15173.370814085007
4355,0.20003930091555597,4.741310515766982e-05,0.5,20.489905053522257,1762.104621194591,5.472852544305138,158.23778649204658,80847.10499486676,8.023985544909566,0.028369864587178106,1.2239397270381754e-06,497.864684091742,0.6825094222547914,0.6804987507410907,0.0,7,12,15,15245.99965429306
4376,0.2010331815178148,4.725172445639867e-05,0.5,20.566257269401923,1757.8910006154874,5.471368833260172,158.15039205725665,80758.92795586288,8.056691610968901,0.02850301768237511,1.2182207713477345e-06,499.61391177601854,0.6825094222547914,0.6804987507410907,0.0,7,12,15,15318.964460372925
4397,0.20202137168277876,4.6941157922326966e-05,0.5,20.641631728398117,1753.4125180168594,5.469955456754422,158.0635901820699,80697.62330018684,8.086355640158242,0.028620774118144954,1.1784205084141022e-06,501.34882957767644,0.6825094222547914,0.6804987507410907,0.0,7,12,15,15391.866640329361
4419,0.2030459179448423,4.5950367534219935e-05,0.5,20.719151459991814,1748.515895478121,5.468491831017507,157.97369043295654,80661.6552816762,8.094127238396744,0.02865672427915287,1.1001041561164485e-06,503.14277341070664,0.6825094222547914,0.6804987507410907,0.0,7,12,15,15467.940069198608
4440,0.20400275109919846,4.536931724523279e-05,0.5,20.793471805570263,1743.7563158289167,5.467217938698797,157.88986360546374,80653.57679771622,8.090718879266618,0.028648013962932563,1.0626806765287984e-06,504.81353432861425,0.6825094222547914,0.6804987507410907,0.0,7,12,15,15540.448426246643
4463,0.2050450930543072,4.532003724961122e-05,0.5,20.874860682399635,1738.847416052303,5.466014151112651,157.7985380679736,80671.70663276612,8.110599782834528,0.028717180434828755,1.067566745664596e-06,506.6285663199933,0.6781582621399325,0.6860658116553565,0.0,7,13,15,15619.462252378464
4485,0.20604290627703045,4.489303446323967e-05,0.5,20.952276545958817,1734.584407926525,5.464768148326494,157.71104531189062,80714.88184354715,8.146086200620028,0.028836952831571616,1.0678534915805904e-06,508.3614844210902,0.6781582621399325,0.6860658116553565,0.0,7,13,15,15695.15613436699
4507,0.2070066473711457,4.303461671543521e-05,0.5,21.03099344716809,1730.4640676545182,5.463604537822105,157.62668816863888,80781.93548261792,8.169643179535448,0.028910120334523844,1.0050953490941842e-06,510.03118922559963,0.6781582621399325,0.6860658116553565,0.0,7,13,15,15771.1518907547
4531,0.2080295253375363,4.243473075060068e-05,0.5,21.11842842464908,1726.1386486746242,5.462409931320825,157.5372306078128,80879.66043850832,8.169276859124992,0.028893283603418935,9.719181189467417e-07,511.7990306041491,0.6781582621399325,0.6860658116553565,0.0,7,13,15,15854.067521095276
4554,0.2090070899340264,4.26161530195095e-05,0.5,21.19700338224538,1722.1002534312051,5.461407303143494,157.45162267419659,80997.51404569666,8.137969641506755,0.028763501229900006,9.716078873128934e-07,513.4844687396184,0.6781582621399325,0.6860658116553565,0.0,7,13,15,15933.447848320007
4578,0.21003416564499675,4.296415684976516e-05,0.5,21.28601293083203,1718.0109446533704,5.460202266252649,157.36146726814837,81147.00090680389,8.08831530527419,0.02856363973203164,1.0140386776090518e-06,515.2510960669133,0.6781582621399325,0.6860658116553565,0.0,7,13,15,16016.329152107239
4601,0.2110247546101514,4.313617050033439e-05,0.5,21.375500131583653,1714.2679376477722,5.459060088496632,157.27428199915266,81315.85237308034,8.031544235840082,0.02833557558478228,1.0628209912729187e-06,516.9510848599838,0.6781582621399325,0.6860658116553565,0.0,7,13,15,16096.177565097809
4624,0.212012348172902,4.274440732800696e-05,0.5,21.466506437441996,1711.7561825326475,5.458036776454441,157.18715002384474,81508.55991866463,7.997446299114387,0.028183665429429558,1.0693370394665907e-06,518.642844543443,0.6716641314390598,0.6943272119407238,0.0,7,13,15,16176.782780647278
4648,0.213036984669623,4.265499216569461e-05,0.5,21.568786358783,1710.3078214549546,5.456939417135961,157.09650287090648,81733.49403403608,8.037322073790087,0.028286766540046537,1.1395543432443783e-06,520.3960303797435,0.6716641314390598,0.6943272119407238,0.0,7,13,15,16262.188562631607
4671,0.21401961567353903,4.283630271758971e-05,0.5,21.665140381564278,1727.3564475295839,5.455835921750177,157.0092697666088,81972.17689832317,8.197863513669608,0.02881088470130181,1.2283134649365775e-06,522.0850081256227,0.5963000935517414,0.7888666012701517,0.0,7,13,15,16343.82665014267
4694,0.21500453247436588,4.2734726969633445e-05,0.5,21.769971529490267,1772.0351988530922,5.454760144944227,156.9215373587204,82235.73169589129,8.432367643554347,0.02958839675584295,1.2964138567552564e-06,523.8083129382204,0.5956733852565431,0.7896454599585035,0.0,7,13,15,16426.36336016655
4718,0.2160118088631992,4.091767578746334e-05,0.5,21.877515847815904,1820.3540066682451,5.4535493915935875,156.83165917532736,82533.34626483667,8.658056130523702,0.03032638609511396,1.1357300142672057e-06,525.6175773513311,0.5956733852565431,0.7896454599585035,0.0,7,13,15,16513.838002681732
4743,0.21701601596628284,3.969741173532144e-05,0.5,21.99686453362377,1870.5570276676333,5.4523802791913605,156.7420314692252,82857.5785885187,8.780589004913072,0.03069650331360995,1.0325803689624367e-06,527.470796890096,0.5956733852565431,0.7896454599585035,0.0,7,13,15,16604.320221424103
4768,0.2180044687373652,3.948287839248076e-05,0.5,22.120274415829787,1921.629431559561,5.451324238963956,156.65355304076303,83199.52530998777,8.81808818324975,0.030765532073145984,1.1143403936293397e-06,529.3449954971381,0.5963000935517414,0.7888666012701517,0.0,7,13,15,16694.37936091423
4794,0.21903123378690098,3.955534064127065e-05,0.5,22.256003434465306,1975.2958324240528,5.450269287064161,156.56125021595022,83578.45000006421,8.828034744249686,0.030731753115133636,1.2172539001044913e-06,531.3456088279938,0.5963000935517414,0.7888666012701517,0.0,7,12,15,16788.002061367035
4819,0.22002334814844843,3.9808440024109606e-05,0.5,22.393527316236778,2024.9681928293892,5.449062777246355,156.471604643851,83963.19092257613,8.855687779913506,0.03075854446524061,1.2826064127174947e-06,533.3299685227116,0.5963000935517414,0.7888666012701517,0.0,7,12,15,16877.94300532341
4844,0.22102150146060937,4.002107280861949e-05,0.5,22.535816268552633,2067.8176595042087,5.4480595073055,156.3809284331156,84361.8975545004,8.925406685109886,0.030928405803619254,1.3184779211822453e-06,535.3725823999478,0.5963000935517414,0.7888666012701517,0.0,7,12,15,16968.023018598557
4869,0.22201819726907973,3.9613182524865144e-05,0.5,22.68552250508631,2126.065797939806,5.447025528431864,156.2899128024385,84770.93319414582,8.894438885584785,0.03074794579543688,1.3392329484137063e-06,537.4625954315716,0.6034001738212695,0.7800194495609182,0.0,7,12,15,17058.13033056259
4894,0.22300172463373924,3.9101196653285626e-05,0.5,22.830405425730252,2195.785751765275,5.445849437241511,156.19967217057538,85185.45040565221,8.961218917021966,0.03090422308585997,1.4071620022452737e-06,539.5879250641372,0.6040348914911757,0.7792299077217147,0.0,7,12,15,17148.54752445221
4921,0.2240333424312439,3.726734154308655e-05,0.5,22.9805257488385,2266.451896130942,5.444919423096468,156.10467485929976,85640.08943651532,9.22836621999416,0.03174109325906442,1.368507430357056e-06,541.8895869512697,0.6073171867264432,0.7751727313872669,0.0,7,12,15,17245.8944375515
4948,0.2250218213446388,3.6149402464186925e-05,0.5,23.11898915069738,2345.8339114571586,5.443968741085936,156.01344179857185,86094.69548019394,9.430221993213245,0.03234984813643912,1.4082339095316476e-06,544.1691605829454,0.6079559278877424,0.7743777232175102,0.0,7,12,15,17341.62586760521
4976,0.22602623076124517,3.567147144362578e-05,0.5,23.274602426660064,2407.5477146014236,5.442783577231724,155.92030079188422,86575.01070826277,9.558719171376561,0.03269993140070873,1.4672473953285895e-06,546.5563312159139,0.6079559278877424,0.7743777232175102,0.0,7,12,15,17440.22430372238
5004,0.2270231691436111,3.5586595906275545e-05,0.5,23.434296764009762,2485.010405629619,5.441899584528632,155.82724674203976,87057.22615874627,9.668541300560705,0.03298422187801044,1.586262253381152e-06,548.9951207049211,0.6138423478617797,0.7670107358386855,0.0,7,12,15,17538.807176351547
5032,0.2280208514846462,3.570333328324878e-05,0.5,23.61404913397144,2559.488678334421,5.44086404436161,155.7333808813478,87536.22402797203,9.919962974277125,0.033748919144746474,1.7006963859680244e-06,551.5115245326405,0.6138423478617797,0.7670107358386855,0.0,7,12,15,17637.10755252838
5060,0.22902378189150766,3.593620460546602e-05,0.5,23.790127310737862,2642.313913678908,5.439931576184204,155.63826581309354,88013.40452717575,10.150361918232074,0.03443868897742931,1.7477945795883495e-06,554.1200475276509,0.6177979509417935,0.762056396425991,0.0,7,12,15,17735.775136470795
5088,0.23003382940324127,3.620307990455142e-05,0.5,23.961547530054585,2750.2792757669213,5.438903856780252,155.54175517188852,88489.68755507258,10.217766087318878,0.034574197886899735,2.0160965947319692e-06,556.8434351940466,0.6218033609565167,0.7570835871313437,0.0,7,12,15,17834.184790849686
5115,0.23101502134226112,3.646848592704856e-05,0.5,24.126210933589622,2823.6613772496976,5.43794251057637,155.44727419478835,88943.68387293848,10.293276122488365,0.034740830294134106,1.8160400142172628e-06,559.577988012704,0.6271941432309801,0.7503703395926903,0.0,7,12,15,17929.290666103363
5142,0.23200339437650758,3.673410338180808e-05,0.5,24.277662272201596,2941.2580492418933,5.436974699521891,155.35147771802798,89394.14574629859,10.103211056297193,0.034014455532604376,1.9640078160796666e-06,562.4269334655779,0.6278531599893158,0.7495466648682624,0.0,7,12,15,18024.36457800865
5170,0.2330358726872081,3.6978824258990107e-05,0.5,24.442363135757258,3043.5490137502625,5.435809778641919,155.25072895763014,89842.60522484759,10.179840648171322,0.034186902147069015,1.9161977836175566e-06,565.5165252087113,0.6319071865557443,0.7444806395875312,0.0,7,12,15,18123.045708417892
5197,0.23402963524614762,3.6660452196775255e-05,0.5,24.59889403613933,3073.8322856262694,5.434818007339677,155.15328191770354,90232.25321495475,10.379445603957143,0.034781545136128085,1.775364653853084e-06,568.5561374557499,0.6323846927984881,0.7438522087583013,0.0,7,12,15,18218.156992912292
5224,0.23501357404540935,3.6292109416946455e-05,0.5,24.73515968268178,3159.683045453666,5.433775297461558,155.05650871789624,90571.81096307842,10.465633706793206,0.035004748005790905,1.8673435464029707e-06,571.6228362507711,0.6384860073592699,0.7361398795505656,0.0,7,12,15,18313.565736293793
5252,0.23602807071446666,3.620249996522881e-05,0.5,24.85967219266763,3258.264993229234,5.432650881289643,154.95641725900163,90841.0055866312,10.489087485564127,0.03503179467780208,1.5985481701520588e-06,574.8783297044845,0.6421433612870638,0.7316263226695097,0.0,7,12,15,18412.599947929382
5279,0.2370086797277279,3.64820914159255e-05,0.5,24.95070602092121,3309.439473346412,5.431704195856893,154.85942279690016,91026.2112796253,10.631309338737745,0.03547090690870032,1.745404448626962e-06,578.0985048026646,0.6462778424885841,0.7264118077373937,0.0,7,12,15,18508.002827644348
5307,0.23803637666337588,3.668229298437773e-05,0.5,25.010992194497213,3336.0675996798227,5.430545992051956,154.75763882046252,91160.27525862372,10.977092668134341,0.036597176238630715,1.7177400080906092e-06,581.5132884300526,0.6524573523586981,0.7185927208148567,0.0,7,12,15,18606.66545677185
5334,0.2390165812845695,3.60974147895215e-05,0.5,25.029519619090905,3372.790662155202,5.429545262080541,154.6608383242188,91274.17595166648,11.124027984191606,0.0370642649936427,1.7909354917421844e-06,584.8013153656445,0.6529304533004656,0.7179492471217591,0.0,7,12,15,18701.878843307495
5362,0.2400241141490034,3.590658735676735e-05,0.5,25.07140108319661,3324.573413769018,5.428363638312925,154.5614647265018,91355.17138037118,11.066720504367673,0.03685834153600419,1.899789523173023e-06,588.1752225714308,0.6609607610203881,0.7078581162348576,0.0,7,13,15,18802.464521169662
5390,0.24101556585197043,3.4847354389814424e-05,0.5,25.100403417801935,3370.220034296338,5.427345956954412,154.46378366268092,91415.96739707745,11.441392519209002,0.03809287242755984,1.6168651281172413e-06,591.4940047539792,0.6614521992217048,0.707189284006826,0.0,7,13,15,18904.358558416367
5419,0.24201788272651714,3.441783434048586e-05,0.5,25.296751074241225,3366.1377716409193,5.426259066944817,154.3653933851888,91443.50629562415,11.696366785217876,0.03893584558129988,1.525562291496563e-06,594.8699873049169,0.6673661395915248,0.6997740858702762,0.0,7,13,15,19009.30654358864
5448,0.2430139272302615,3.4266111142400107e-05,0.5,25.559911537268707,3315.2466712545715,5.425245928987647,154.26785108336682,91448.3471495259,11.69132893011493,0.0389192524081283,1.51482083563169e-06,598.1974654307915,0.6716641314390598,0.6943272119407238,0.0,7,13,15,19113.874153137207
5477,0.24400376388309586,3.40455338410537e-05,0.5,25.727456105032818,3186.314572811185,5.424107460467763,154.1710937177685,91410.13235963164,11.854615177332391,0.03947144622753812,1.3943458319961017e-06,601.4152072408033,0.6759341491498512,0.6887675381942808,0.0,7,13,15,19219.82035589218
5507,0.24502105419798034,3.3744846866636815e-05,0.5,25.839188998053977,3115.5274166194895,5.42297937779644,154.07192479205332,91328.5119353536,12.065276163773797,0.04019100190615501,1.2832787983706206e-06,604.6206086516934,0.6786656339516984,0.6853802121935245,0.0,7,13,15,19329.85224699974
5537,0.24602798597214837,3.3432948559092656e-05,0.5,25.854232313590575,2989.380450951613,5.421834633375297,153.97414192435957,91221.01388904176,12.074984656531045,0.040248265076263674,1.3963031161558834e-06,607.6942215068062,0.6830187458153572,0.6798072073488943,0.0,7,13,15,19439.61994099617
5567,0.24703086466177362,3.344697202413587e-05,0.5,25.786631941124988,2834.428202569834,5.420738701325993,153.87703795470634,91089.71416684847,12.039030987941452,0.04015877745471299,1.3394299683834176e-06,610.6145083023422,0.6889973298189952,0.6720303205775469,0.0,7,13,15,19547.949496507645
5597,0.24802467807514095,3.292815726945294e-05,0.5,25.674421327295814,2715.443117517911,5.419597463883931,153.78113320418106,90928.45886467493,12.13467854387215,0.040514431159874596,1.1897394854163264e-06,613.372276582525,0.09718240551938746,0.043234615651197,0.0,7,13,15,19656.327970266342
5627,0.24900761035051722,3.2682890911681955e-05,0.5,25.48675764398544,2822.8976110081676,5.418557939485815,153.68667513359333,90763.88904944563,12.214404439634064,0.040818304822491054,1.1634824767991634e-06,616.0941835095747,0.08917307138743992,0.16238377871817536,0.0,7,13,15,19764.37634062767
5658,0.2500222461570965,3.2813551653324264e-05,0.5,25.35889026429034,2810.5970787783394,5.417339232656899,153.5895196943436,90600.76353754241,12.163883099809944,0.04068744375222094,1.1900130289593407e-06,618.9521562237906,0.08915562083184853,0.16107164653788408,0.0,7,13,15,19873.977900743484
5688,0.25101071130251895,3.309145197467706e-05,0.5,25.395650629272694,2937.908015783406,5.416290376660758,153.49503200051888,90430.1397752371,12.289567093141157,0.04114696102566144,1.1137287161373252e-06,621.7932546859194,0.09471913155847045,0.05100489822466357,0.0,7,13,15,19980.185767889023
5719,0.25203204303274224,3.259709457266288e-05,0.5,25.41196166662817,3106.4633278587394,5.415123448996065,153.39777342162205,90296.3450219281,12.184786722998671,0.04082784525093983,1.0925451409174546e-06,624.8799088071764,0.09471913155847045,0.05100489822466357,0.0,7,13,15,20089.35060453415
5749,0.25300874965229686,3.260123739931706e-05,0.5,25.42722062241577,2538.042380188285,5.414027317934679,153.3049478150876,90219.76274779228,12.078767262742852,0.04049100186077665,9.963001285249518e-07,627.6364218517581,0.08147888067485629,0.19244007472530403,0.0,7,13,15,20196.04167175293
5780,0.25402370342373226,3.2997959273810576e-05,0.5,25.43130560415901,2452.072097344747,5.412847864981394,153.2085440390848,90187.64386742664,12.147995353775547,0.04073039335055689,9.773801401072707e-07,630.1687896061914,0.08917026001971992,0.0801907273771954,0.0,7,13,15,20305.787452936172
5810,0.25502614529615036,3.382297579255177e-05,0.5,25.403342225033043,2419.8831675679817,5.411757612991716,153.11331349298845,90230.86117718609,12.21439654247949,0.040942991472573666,1.0151199141018075e-06,632.6107155852395,0.0779122439162564,0.2974759735496326,0.0,7,13,15,20411.603667974472
5839,0.2560181909140421,3.4401328652830236e-05,0.5,25.32532364281609,2445.3472097250656,5.41064193765707,153.01896826083996,90358.40177409204,12.123147815845991,0.04060873855809267,1.16429808585929e-06,635.0239808231531,0.07770116233330658,0.30939532689375765,0.0,7,13,15,20514.178473472595
5869,0.2570280543500165,3.3150115312096385e-05,0.5,25.212403395245566,2404.5348109199554,5.409608443875666,152.92287043690058,90581.04577109359,11.953689589789603,0.03999219967492654,8.745753264551149e-07,637.4728400838727,0.07739188520436115,0.3189964738155958,0.0,7,13,15,20620.262466669083
5899,0.25801606293060425,3.282955323306647e-05,0.5,25.101296366055617,2240.9542167562604,5.408561368884351,152.8286154025722,90874.69964604278,11.877453155487904,0.03967238853339536,8.766247845702175e-07,639.7677315940579,0.0767250731940003,0.3295335931099907,0.0,7,13,15,20725.91472864151
5930,0.2590114082231045,3.152606485004593e-05,0.5,24.989227789836125,2247.8734320991234,5.407442829179725,152.73337584496215,91247.98335135695,11.867184606282182,0.03955573177042659,7.910784900578382e-07,642.0016983286243,0.07628242988741844,0.3484406918684718,0.0,7,13,15,20835.62560558319
5962,0.2600097420033572,3.1035230090100724e-05,0.5,25.024128299597965,2230.74458507392,5.4065436315510675,152.63753965672538,91702.80282078349,11.736417336820798,0.03902180127880367,7.729836779863904e-07,644.2372761563205,0.08281526995960363,0.1138609143157679,0.0,7,13,15,20948.525434732437
5994,0.26101262156424015,3.193753548625015e-05,0.5,25.041036511476275,1999.1241511740723,5.405512178504204,152.54066719599703,92207.8983513552,11.6864574561918,0.03874751973817961,8.18885075230419e-07,646.358300606721,0.07019483040584859,0.28567467001482594,0.0,7,12,15,21061.5174138546
6026,0.2620210816014683,3.1071916012235825e-05,0.5,25.039963012933548,2073.7247518276004,5.404621224145611,152.44259234132065,92763.895176627,11.688825968261673,0.038636917160493854,8.324195639670995e-07,648.4119532848938,0.07751343013807507,0.12652342526579802,0.0,7,12,15,21173.737390995026
6058,0.2630176923512915,3.1749923026917015e-05,0.5,25.062774813482285,2144.752517984811,5.403693491526672,152.34507808824273,93367.00113879339,11.663212179730506,0.038425298609623154,9.388571345569622e-07,650.5140431823837,0.07612381409896098,0.1333481740473733,0.0,7,12,15,21286.617655277252
6089,0.2640328197665972,3.304784286271637e-05,0.5,25.285592938974855,2288.2704007914135,5.402722331431022,152.24477140876039,94016.85755185023,11.626968225977132,0.0381708320571006,1.0853946462172856e-06,652.7640847311478,0.07365449160672949,0.14101112184412992,0.0,7,12,15,21395.860854625702
6119,0.2650308518718086,3.338872814880737e-05,0.5,25.408001459226526,2172.723998560761,5.401801600126707,152.14522790747478,94692.27473892506,11.582421372782443,0.0378861710481161,1.253354166365692e-06,654.9901925470086,0.0733209686667931,0.1428594500089568,0.0,7,12,15,21501.363438367844
6149,0.266010554001895,3.2018268671562765e-05,0.5,25.487896197244062,2242.380993452898,5.400805224523065,152.046668115479,95383.68341348194,11.638968330026673,0.037929731008090654,1.207616501024441e-06,657.1529364296241,0.07073829898175613,0.17058992063277617,0.0,7,12,15,21607.360560894012
6181,0.26702010772129486,3.1550730458910035e-05,0.5,25.42066845357198,2220.8049757230356,5.399972119142607,151.94427190999392,96119.63525814733,11.764324983857534,0.03818744709117435,1.170288635630666e-06,659.4058494274016,0.6218033609565167,0.7570835871313437,0.0,7,12,15,21720.018144607544
6214,0.2680227729402418,2.9487874395507166e-05,0.5,25.357919798121607,2243.947575309426,5.398971313370627,151.84174832330555,96868.41647338672,11.860994349485082,0.038348437819217936,1.1385313897096463e-06,661.644175474464,0.6278531599893158,0.7495466648682624,0.0,7,12,15,21836.35178732872
6247,0.26900653875567193,3.0340527577581896e-05,0.5,25.211348258745318,2275.077854867207,5.398117484835705,151.7402762929147,97599.80175492,11.874482111483378,0.038244664145069905,1.389407763364674e-06,663.8670068430976,0.08198854982212157,0.0414848030765466,0.0,7,12,15,21952.773354768753
6280,0.2700233997626472,3.08297004699215e-05,0.5,24.98768589504395,2255.9406205187524,5.397151909310076,151.63422644932325,98328.54880116886,11.88024394154462,0.03811790173493061,1.4119638007825862e-06,666.1707148478498,0.6278531599893158,0.7495466648682624,0.0,7,12,15,22069.141254663467
6312,0.27102979731507804,3.186629249304537e-05,0.5,24.770911022864674,2321.9919760119783,5.3962069334303076,151.52823373875972,99016.94648104912,11.963752125315008,0.038248646326877404,1.6361633651685128e-06,668.4743249280207,0.07769631425782733,0.06177110536873537,0.0,7,13,15,22181.747809648514
6343,0.27202010799918774,3.1475467373233674e-05,0.5,24.571988494812906,2341.166437204294,5.395302013998292,151.42302217933226,99661.4688310218,12.091610103561381,0.038528582411584834,1.7065054750133284e-06,670.7833127271728,0.07769631425782733,0.06177110536873537,0.0,7,12,15,22290.84826540947
6375,0.27302318200623116,3.150100359561038e-05,0.5,24.291613551559625,2326.2244249878013,5.394254700652519,151.31582484011727,100296.00481520128,12.202526137661694,0.03875524106411053,1.6342930752156552e-06,673.1241819544612,0.07736362495517238,0.0628231119975973,0.0,7,12,15,22403.397250175476
6407,0.2740267377892162,3.0635298688482815e-05,0.5,24.173645183745055,2422.2409871306854,5.393315205145391,151.20786572069645,100916.4416988224,12.289813378414637,0.03890882598722785,1.561019324523775e-06,675.5068569167792,0.07736362495517238,0.0628231119975973,0.0,7,13,15,22516.09637928009
6439,0.27501129509796235,3.1565518239552414e-05,0.5,24.307022322782387,2432.1367657179926,5.392297629718023,151.10142652904392,101523.68429806097,12.34788516091027,0.038972268766690174,1.6923933993033746e-06,677.8965634647701,0.6079559278877424,0.7743777232175102,0.0,7,12,15,22628.88497042656
6471,0.27601496662522157,3.1319520980790236e-05,0.5,24.460360058172018,2543.1684110524525,5.391285440002522,150.992183531229,102132.19961945503,12.426212187024564,0.039098933491980174,1.6440589898658547e-06,680.393349537445,0.6079559278877424,0.7743777232175102,0.0,7,12,15,22741.838648557663
6503,0.27702334811880397,3.179425651061812e-05,0.5,24.468201935173163,2652.035877561279,5.390286238643485,150.88182441111897,102735.09359131855,12.495939068290006,0.039199197957448126,1.6279893679888714e-06,683.0127234674541,0.6079559278877424,0.7743777232175102,0.0,7,12,15,22854.249423980713
6534,0.27801043876481657,3.09915126185727e-05,0.5,24.488466074905656,2754.1768281761965,5.389323942230744,150.77322465818193,103303.77283329268,12.512132503480826,0.039138503607441553,1.5147622579726357e-06,685.680934463548,0.6079559278877424,0.7743777232175102,0.0,7,12,15,22962.907767534256
6566,0.27900471574260677,3.20260961095938e-05,0.5,24.507312862360774,2850.8422375094256,5.3883413794357145,150.66353257191273,103861.68089894483,12.566685156819034,0.03919984507642986,1.6245717306857952e-06,688.4674051720913,0.6079559278877424,0.7743777232175102,0.0,7,12,15,23075.29704976082
6598,0.2800246630960082,3.1902465203962145e-05,0.5,24.545310237504935,2946.1834423424334,5.38732366259021,150.55037362178842,104420.28910331432,12.673023360695636,0.03942167446964129,1.614109436082434e-06,691.4237356719739,0.6138423478617797,0.7670107358386855,0.0,7,12,15,23187.576765298843
6629,0.2810250702477204,3.277379794659155e-05,0.5,24.472817108797216,3044.4466077524557,5.38635579108702,150.43882068334946,104970.47352550027,12.78865187198187,0.039672897333202964,1.602605741251059e-06,694.4202702446623,0.6138423478617797,0.7670107358386855,0.0,7,12,15,23297.02810072899
6659,0.2820322432771144,3.421542154311438e-05,0.5,24.31047975855631,3124.3762825188583,5.385368710913761,150.32573964222425,105505.59703840167,12.963802866359861,0.040109688394394126,1.7414499194211843e-06,697.5268062637572,0.6177979509417935,0.762056396425991,0.0,7,12,15,23402.91182398796
6688,0.2830311463192828,3.491308148349271e-05,0.5,24.137682586381427,3228.8295408272606,5.384436071287949,150.21288095537568,105998.10931946943,13.24466443858136,0.040878355556604566,1.844303623069698e-06,700.6999245759883,0.6218033609565167,0.7570835871313437,0.0,7,12,15,23505.439874649048
6717,0.2840211854804609,3.342546167089295e-05,0.5,23.91329014358049,3299.903543247916,5.383510518444355,150.10051956170304,106449.40872037469,13.58031044196716,0.041820017580727,1.7572432367906267e-06,703.9317752890452,0.6218033609565167,0.7570835871313437,0.0,7,12,15,23608.26771068573
6747,0.28501452077903167,3.3555520666513965e-05,0.5,23.644741754355557,3377.9273148651178,5.38252294680832,149.98738446571824,106864.02063408266,13.979589608773487,0.042960186873229105,1.682573249843207e-06,707.2484378436695,0.6278531599893158,0.7495466648682624,0.0,7,12,15,23714.891218662262
6776,0.2860012733166744,3.394782821028123e-05,0.5,23.313260379297656,3420.9399668709157,5.38166089666956,149.8741904517588,107214.00507064178,14.488483838853696,0.04444477078071516,2.0775386327570687e-06,710.6028376153441,0.6319071865557443,0.7444806395875312,0.0,7,12,15,23817.98792743683
6806,0.28700404995148654,3.362367445931876e-05,0.5,23.00970494921753,3363.1026754061713,5.3807303068638594,149.75864751656843,107498.79590491886,15.172052509287836,0.046472012173938274,1.9884813861121824e-06,714.0042773409664,0.6343601229643169,0.7412797416930549,0.0,7,12,15,23924.266739606857
6836,0.28800632794435943,3.2494238982945925e-05,0.5,22.613835798787488,3328.499428517399,5.379776562951365,149.64255585905528,107681.39035858925,15.972509104440558,0.04887313233057407,2.1211526946096975e-06,717.3577001038786,0.6421433612870638,0.7316263226695097,0.0,7,12,15,24030.883138895035
6868,0.2890137561254192,3.209059637294764e-05,0.5,22.63180663395058,3221.8309254991545,5.3788670203619375,149.52583620144836,107769.66565055925,16.798498293162204,0.051369547303057476,2.1520874123797886e-06,720.6571938008224,0.6462778424885841,0.7264118077373937,0.0,7,12,15,24143.567497015
6898,0.2900108405145725,3.3167940326103945e-05,0.5,22.69139194502338,3223.584622040771,5.3779177095101645,149.40949357770666,107773.08527591378,17.448431867384325,0.05334736070014812,2.6583571795390154e-06,723.8705054128513,0.09382013879413932,0.14431232816668318,0.0,7,13,15,24249.178038597107
6928,0.29101852107991794,3.43485332888439e-05,0.5,22.904856576701484,3651.1179183059326,5.377014391160944,149.29119469039264,107797.82175237602,17.84460744683129,0.05454543733342029,2.890542381500751e-06,727.3342574840706,0.0786953741576314,0.15473797079520568,0.0,7,13,15,24354.732849359512
6956,0.29201494824267105,3.669097547971343e-05,0.5,22.86389831343581,3771.1142217891647,5.37603475762555,149.17274842980058,107828.41199890034,18.51742828472613,0.05658409176112025,3.494987285893464e-06,731.0321143403955,0.08229107957673001,0.15946857140743378,0.0,7,12,15,24453.099993944168
6984,0.293031718310638,3.571070115159403e-05,0.5,23.37523833191779,3932.6204078729406,5.375067632443686,149.0519003078574,107797.4151142289,19.42105753028103,0.05934087542646428,3.433616138506133e-06,734.9485777318961,0.08738439146071487,0.1255926165256733,0.0,7,12,15,24551.52605867386
7012,0.29402701490902955,3.573623399682379e-05,0.5,23.770233245874234,3674.296203818649,5.374022900466881,148.9347864552026,107866.02028282745,18.790987021878443,0.05740051417487706,3.6415846836682455e-06,738.7341468458285,0.06668183205539358,0.036246079300413035,0.0,7,13,15,24650.449667215347
7040,0.2950218501633074,3.5595304984753246e-05,0.5,24.238303013155345,3261.3882313552767,5.373088707730565,148.81762541154148,108060.91013694288,19.36042250485083,0.05907688990844857,4.002375006874292e-06,742.1840785401571,0.05200834099370347,0.25939491509980084,0.0,7,13,15,24749.209255218506
7068,0.2960135366902172,3.501174233436014e-05,0.5,24.70440944030412,3701.664221686248,5.37197692046728,148.6998031097346,108297.27783166614,21.197289995843185,0.0645847377959789,3.91616831984668e-06,745.6366611920807,0.05034027783164996,0.2730196667550715,0.0,7,13,15,24847.882541418076
7096,0.2970024823049323,3.569629948481004e-05,0.5,24.92302836002331,3381.9733623121983,5.370968376563003,148.58223378102355,108584.58357737855,20.906885984049772,0.0636150299560221,4.470360595699266e-06,749.139327354544,0.04866503687537551,0.2641297915971843,0.0,7,13,15,24946.927298545837
7124,0.2980183944796931,3.6727439406211526e-05,0.5,24.736921762553184,3481.8238074855562,5.369952008575475,148.4610679519025,108915.03753729667,19.861379064488016,0.06034976481976601,4.997167994298311e-06,752.625834909487,0.09286430520189021,0.3206450743302969,0.0,7,13,15,25045.704752922058
7152,0.29903136875358416,3.681037686817309e-05,0.5,24.782863751741438,3371.4179181787854,5.368913302839557,148.33943712312774,109198.7681082537,20.218913221478903,0.06134816016232689,4.8854939068477154e-06,756.0969136899145,0.04866503687537551,0.2641297915971843,0.0,7,13,15,25144.511202573776
7178,0.3000228904365218,3.8185261034271206e-05,0.5,24.086117300655008,3607.253574278,5.367843310965233,148.21980013984233,109398.38818790381,19.054270646564778,0.05777039835165074,6.034397310537712e-06,759.5566657413493,0.044345667841817024,0.32307026016630114,0.0,7,13,15,25236.26849246025
7205,0.301035033179458,3.651785240912807e-05,0.5,24.228174557963914,3416.842254682692,5.3667687159567,148.09759855160635,109452.49930005582,18.187345395190217,0.05513362638124962,4.957615569926021e-06,763.1113595508349,0.04335959563387706,0.3226219177462049,0.0,7,13,15,25331.957912921906
7232,0.3020198820742512,3.6392689302085184e-05,0.5,23.382821108765896,3326.975660856048,5.3657973421475065,147.9789078163955,109413.55334755794,17.65249875636939,0.05352412926763154,6.074289940069447e-06,766.4321803612372,0.0623899733535686,0.11639712632898747,0.0,7,13,15,25429.20605158806
7260,0.30303540917337224,3.602271399231048e-05,0.5,22.834971805324894,3078.6301133401544,5.364792368355966,147.85682952752146,109267.31537844967,17.718106502210723,0.05375636818615083,4.928832786341902e-06,769.6847134862285,0.0623899733535686,0.11639712632898747,0.0,7,13,15,25529.677401542664
7288,0.30401994294727697,3.479394344610712e-05,0.5,22.30460846868022,3111.1469860485677,5.36378139080382,147.7389077661161,109088.74269396938,16.988358803162754,0.05158890500880367,4.107833180358637e-06,772.7317357898736,0.03745792613872784,0.317925438419133,0.0,7,13,15,25630.409198999405
7317,0.3050350935531475,3.517924623370206e-05,0.5,22.009120244683057,2892.3169705420232,5.362754057060603,147.61752275066877,108786.70379244257,16.81409105642749,0.051130675845653305,3.8025338141464796e-06,775.7789458263011,0.03745792613872784,0.317925438419133,0.0,7,12,15,25734.564719438553
7345,0.30602564525284415,3.556046509575158e-05,0.5,21.61343025662935,2953.4241644236336,5.3618616218209025,147.49933741967476,108447.32130365352,16.075142506227543,0.048964617432498664,3.500980712973503e-06,778.6742002349145,0.06325531993013879,0.11697269957345797,0.0,7,12,15,25834.883152484894
7373,0.30700916784518995,3.4135302663575345e-05,0.5,21.228688618493653,2992.628583888927,5.360907247996849,147.38223322976899,108085.73426502835,15.480604388882044,0.04723592603905993,3.23221967971827e-06,781.5982388415371,0.06325531993013879,0.11697269957345797,0.0,7,12,15,25934.684057474136
7403,0.3080214454761987,3.3500434984380846e-05,0.5,20.888997935563072,2888.0482837468026,5.360021913999445,147.26241744075557,107753.76238542658,14.930044870088595,0.045629154899634025,3.0105579760168344e-06,784.5746776656862,0.06255551761705858,0.12151101757288973,0.0,7,12,15,26041.422456026077
7433,0.30903378526611625,3.414377565828816e-05,0.5,20.485696298383576,2909.71225334759,5.359118316867386,147.14291533454758,107459.16957585988,14.620847124794595,0.04474690748818999,3.105448657738421e-06,787.5093295077434,0.06230840465870997,0.1234437091443898,0.0,7,13,15,26148.524381160736
7461,0.3100020576270999,3.502191233856128e-05,0.5,20.0500137644441,2887.1576000876466,5.358280315988724,147.02848994333968,107199.54117361034,14.667696576350817,0.04494404787681906,3.354407734045796e-06,790.3158039373938,0.06614595085805941,0.102482140555284,0.0,7,13,15,26249.27676963806
7490,0.3110185839516057,3.4775840240281945e-05,0.5,19.736389161848102,3023.4934649627035,5.357367281537021,146.9083752588641,106979.13830184363,14.77824442915712,0.04532849333771051,3.1419375849232036e-06,793.3199701386897,0.06614595085805941,0.102482140555284,0.0,7,13,15,26354.83795452118
7519,0.3120290350362939,3.471864179771237e-05,0.5,19.728405985817624,2891.752635596276,5.356541843730241,146.78925123399648,106858.89885156619,14.451314301269818,0.044352445707018094,2.87542295541136e-06,796.3085035579435,0.854240603939678,-0.4394039266802071,0.0,7,13,15,26461.704914569855
7548,0.31301685920866057,3.2976817113757655e-05,0.5,19.7104889478333,3024.6791941697716,5.355593003129341,146.673104881261,106849.22646552812,13.641839136103806,0.04187426188069891,2.809068076867502e-06,799.2307007457447,0.07023370170527973,0.09208935098959861,0.0,7,13,15,26567.148146867752
7579,0.31400115832558545,3.090648785195763e-05,0.5,19.751024837548186,2879.967794315666,5.354908041215309,146.5577210013931,106944.99881428287,13.216051438103484,0.04055104359186904,2.2914657353491333e-06,802.1366701540044,0.8591938868897464,-0.4312368728477254,0.0,7,13,15,26680.34356188774
7611,0.3150019254404657,3.263337130763172e-05,0.5,19.837466969390892,2871.479874534316,5.35402077721293,146.44009091670546,107144.22290121684,13.032918772628069,0.03995251974173327,2.579091506793026e-06,805.0145999989742,0.8591938868897464,-0.4312368728477254,0.0,7,13,15,26796.194282770157
7641,0.31603326002194293,3.48423907456859e-05,0.5,19.94860036525765,2911.5998103494594,5.3531494319130495,146.3173942404174,107406.16006446701,12.942160635496386,0.039626001619457535,2.966125322538698e-06,807.9967450322038,0.06505138018554725,0.10196045991935508,0.0,7,13,15,26904.20386505127
7670,0.3170063696336981,3.334590826711599e-05,0.5,20.107660094655444,2827.7384495056394,5.352348343486755,146.20150938597862,107744.68671290111,12.628794932778419,0.03860686698046027,2.5259610278149277e-06,810.7892476450934,0.8636196074415173,-0.42398664391596697,0.0,7,12,15,27008.806621789932
7701,0.31802526058419495,3.1474429238132204e-05,0.5,20.21285887806734,2800.2707403724867,5.351498290479144,146.07989354971681,108152.68699588387,12.380228972665279,0.03777629962910198,2.135063828144596e-06,813.6564114615334,0.8641965964987042,-0.4229637226160397,0.0,7,12,15,27119.567076206207
7734,0.3190215199363046,2.9751740626080637e-05,0.5,20.17497095660353,2769.878672152274,5.350645426112579,145.96132329422286,108590.40026685406,12.166972972302453,0.037051305228966956,1.8396587414152245e-06,816.4310681839713,0.8660871018659787,-0.4198031600379897,0.0,7,12,15,27237.569239616394
7766,0.32001697385766015,3.230131340217571e-05,0.5,19.968267344740998,2742.948763785474,5.349798202464419,145.8420218530462,109009.48450632917,12.073110412572609,0.03669494043168703,2.3756733459782415e-06,819.1749510284016,0.870981704271132,-0.4115060223858609,0.0,7,13,15,27352.281299829483
7797,0.32102223796538787,3.272830117723579e-05,0.5,19.964468308568836,2707.525652611657,5.348923709650229,145.72074704998647,109394.82352818307,11.563139803703592,0.035084876872038116,2.3194301120320324e-06,821.9145341788477,0.870981704271132,-0.4115060223858609,0.0,7,13,15,27463.179688453674
7827,0.32201092363169664,3.2238608958969146e-05,0.5,20.068365036344115,2665.7787524949995,5.348070423899583,145.60093541923592,109729.84074191761,11.062043718214598,0.03351495573921917,2.2358994755345544e-06,824.5707887018691,0.870981704271132,-0.4115060223858609,0.0,7,13,15,27571.00124001503
7858,0.3230120250093881,3.2617828656331226e-05,0.5,19.937263440656444,2618.779641388958,5.347238856016744,145.47968281196384,110015.34745308117,11.134434518093675,0.03369035384849361,2.223256326243543e-06,827.2159780461732,0.870981704271132,-0.4115060223858609,0.0,7,13,15,27682.700416326523
7889,0.32401192644055526,3.1975406205291556e-05,0.5,19.584427506703538,2568.7908815151022,5.3463624143663555,145.35860929651366,110264.27803179805,11.14002050419203,0.03366933853234499,2.127334049248344e-06,829.8095076412394,0.870981704271132,-0.4115060223858609,0.0,7,13,15,27794.04350376129
7920,0.32500813686857644,3.2432643616784885e-05,0.5,19.00803747162383,2517.311766618247,5.345489265802673,145.2381744150152,110474.82791000346,11.146634330485272,0.03365738768108802,2.280770541424446e-06,832.3429218892677,0.8715350180451856,-0.4104826228344963,0.0,7,13,15,27905.448772192
7951,0.32602602785385953,3.318539099996472e-05,0.5,18.944769859046175,2486.5386423231453,5.344668802097435,145.11511494323565,110670.12895320932,11.051922519525533,0.03334245871217059,2.275459411678485e-06,834.889609000751,0.8815690746206009,-0.39312762881955,0.0,7,13,15,28016.757844924927
7981,0.32702972109059547,3.3656299327262586e-05,0.5,19.00815974950859,2452.5884734056963,5.343783116875673,144.99374103361293,110858.64103556058,11.047164956841113,0.03329991961377142,2.2612623295059276e-06,837.368293241469,0.8815690746206009,-0.39312762881955,0.0,7,13,15,28124.421175956726
8010,0.3280086576152037,3.380254372587256e-05,0.5,19.07163281942747,2416.2297636344256,5.343035087536015,144.87534510094233,111056.83662702775,11.236330779141547,0.03383932475890979,2.3484337075605052e-06,839.7514252434277,0.8815690746206009,-0.39312762881955,0.0,7,13,15,28228.58419251442
8040,0.3290212522106586,3.3672671110822045e-05,0.5,19.176826542346717,2382.1355219453435,5.342169359105971,144.75296128277336,111294.5385374588,11.22916997825983,0.03378164824243522,2.3042869863728246e-06,842.1808246210259,0.8864926723689907,-0.3843961621431175,0.0,7,13,15,28337.181435108185
8070,0.33002738050992536,3.3397489374742836e-05,0.5,19.373812530235558,2414.7024542427694,5.34139254275823,144.631218925638,111560.40825650812,11.135363101855624,0.03345973372348376,2.6011586516881154e-06,844.5939418384461,0.5963000935517414,0.7888666012701517,0.0,7,13,15,28444.870631694794
8100,0.33102431112338937,3.307113958936758e-05,0.5,19.71105819951817,2452.8598945349577,5.340527702184298,144.5103835313491,111817.71253757944,11.248426356574072,0.033760059845783404,2.524995215138209e-06,847.0202527976668,0.6040348914911757,0.7792299077217147,0.0,7,13,15,28552.891616106033
8130,0.33201051085639677,3.262819528905087e-05,0.5,20.178184894096795,2491.7871272951943,5.339761494981149,144.39062347883075,112055.17193767864,11.4642674805315,0.03437052067163653,2.541959208591171e-06,849.4584575840391,0.6040348914911757,0.7792299077217147,0.0,7,13,15,28660.78367638588
8161,0.3330116027830757,3.1970647595802084e-05,0.5,20.639008212353144,2529.0424016833113,5.33887967429612,144.26884534183802,112255.1535242743,11.57431965952286,0.03466907666238751,2.4992079138817634e-06,851.9716135373849,0.6040348914911757,0.7792299077217147,0.0,7,13,15,28772.404394626617
8193,0.3340227608458225,3.12414906469472e-05,0.5,21.034854203756776,2564.0092757232565,5.338043970807227,144.14558254457475,112402.7200268131,11.62922081686525,0.03481045225527907,2.640756438965494e-06,854.5465536711828,0.6040348914911757,0.7792299077217147,0.0,7,13,15,28887.890691518784
8225,0.33500982752950964,3.0468527489116812e-05,0.5,21.342521897147773,2597.8904626533385,5.337097398251315,144.02505754825216,112464.84030414467,11.73403076960727,0.03511420859369619,2.90637676545473e-06,857.0941232993252,0.6073171867264432,0.7751727313872669,0.0,7,13,15,29003.68701696396
8258,0.3360015574725166,2.966642826217725e-05,0.5,21.523559178241467,2631.9126051082167,5.336307296526158,143.90382768090677,112446.35238943102,11.825042178738455,0.03538936046051885,2.668711641754466e-06,859.6873994484896,0.6079559278877424,0.7743777232175102,0.0,7,13,15,29122.246865272522
8293,0.3370255426775927,2.8877328580076787e-05,0.5,21.5092607104011,2663.1225589742453,5.335388081049585,143.7784929699288,112344.05911309895,11.870358802312603,0.035541348373648265,2.706258511347608e-06,862.3984182826788,0.6079559278877424,0.7743777232175102,0.0,7,13,15,29248.633596420288
8328,0.33802294719524245,2.8256967007807364e-05,0.5,21.209871103925217,2688.830171043501,5.33444675389185,143.65638804149046,112158.70803118366,11.931168642730347,0.035753194811063156,2.807354848844748e-06,865.0674491982626,0.6079559278877424,0.7743777232175102,0.0,7,13,15,29374.72849059105
8362,0.3390008040510709,3.0034101822387894e-05,0.5,20.668596871449413,2709.049745793015,5.333526946423758,143.53652689340151,111918.2482837601,11.763936397391182,0.03529113570677342,3.0787294680690247e-06,867.7066261400713,0.6079559278877424,0.7743777232175102,0.0,7,13,15,29496.13399386406
8394,0.34001717128131775,3.1973583083308965e-05,0.5,20.739180892744734,2730.649562020496,5.332548056337354,143.41083546613493,111603.81613422505,11.587243077325112,0.034811365176132245,3.5665640602546333e-06,870.4709921995003,0.6138423478617797,0.7670107358386855,0.0,7,12,15,29610.017474651337
8427,0.34101140789108175,2.857682663826135e-05,0.5,20.923749470675034,2762.345505777952,5.331493773150986,143.288682824547,111302.26529717185,11.452500607719914,0.03445434718494858,2.712821854033255e-06,873.2016605963295,0.6138423478617797,0.7670107358386855,0.0,7,12,15,29728.058832406998
8463,0.34200405281382484,2.694515879417694e-05,0.5,20.926495347618893,2791.7909567723373,5.330478704063661,143.16790170898886,111027.57456193962,11.415685951623372,0.03438690406882284,2.4956177737865843e-06,875.9583032762159,0.6138423478617797,0.7670107358386855,0.0,7,12,15,29855.92703604698
8501,0.3430188424582832,2.6560650338862996e-05,0.5,20.80473145929374,2821.4399310175477,5.3294256396146125,143.0451612446238,110771.29900720209,11.290453506577993,0.034050158084599505,2.1380330840469157e-06,878.8064275646574,0.6177979509417935,0.762056396425991,0.0,7,12,15,29991.747282743454
8539,0.3440260885145465,2.649541441619395e-05,0.5,20.616538019387047,2863.0500228295723,5.3283740178005665,142.92383633332537,110552.39257766482,11.155325030952861,0.033677080352519796,2.050327429003134e-06,881.6692676085979,0.6218033609565167,0.7570835871313437,0.0,7,13,15,30127.376009702682
8576,0.3450090831261546,2.6674454051482223e-05,0.5,20.590242469158838,2912.3153607083505,5.327349765187309,142.80579733216663,110371.18923211463,11.195621889238781,0.033826981476874685,2.0036964984035974e-06,884.5078441346407,0.6218033609565167,0.7570835871313437,0.0,7,13,15,30259.620299339294
8613,0.3460033393138386,2.7101622660405878e-05,0.5,20.6628682506131,2953.194023803539,5.326315439098767,142.6866870907915,110221.20838033545,11.351544733056711,0.03432151630814048,1.9597778208254335e-06,887.4237536343754,0.6218033609565167,0.7570835871313437,0.0,7,13,15,30392.083859443665
8650,0.3470187751389678,2.781969249006055e-05,0.5,20.681088582979662,2981.325526043379,5.325270604756903,142.56520156599458,110094.70556082467,11.435260161129895,0.03459483931370128,1.9972915911507507e-06,890.4368155122975,0.6218033609565167,0.7570835871313437,0.0,7,13,15,30524.518009662628
8685,0.3480090177588196,2.877920814982671e-05,0.5,20.656886361514772,3003.7788956302843,5.32421754652613,142.44674421423662,109988.04782683689,11.586298507171831,0.03506885422830016,1.9475602118423425e-06,893.4001682535999,0.6278531599893158,0.7495466648682624,0.0,7,13,15,30650.443266630173
8719,0.349006476813185,2.987492155170712e-05,0.5,20.637713898170848,3026.8389727735603,5.3232042900640035,142.32735717990158,109892.3006716718,11.591551820298658,0.03510068722353263,2.1986269171700822e-06,896.4078154517284,0.6278531599893158,0.7495466648682624,0.0,7,13,15,30774.43729043007
8752,0.3500036933486299,3.0214521258816583e-05,0.5,20.761885516485307,3032.1868696677625,5.322119552586386,142.2079510996429,109801.80776311037,11.527438329664474,0.0349218590678937,2.060162715258027e-06,899.4288958311138,0.6278531599893158,0.7495466648682624,0.0,7,13,15,30894.61927819252
8786,0.3510260263164082,2.9935911250934902e-05,0.5,20.88151207800654,3021.9672501607824,5.32130471519374,142.0858270852356,109715.09391150705,11.471799737365851,0.03476798734543511,1.9573495547442818e-06,902.5235765054696,0.6319071865557443,0.7444806395875312,0.0,7,13,15,31018.302995204926
8819,0.35201005270210745,2.9721602639881634e-05,0.5,20.964013224941546,3017.7407657472263,5.320319666231407,141.96857913443887,109645.17990612099,11.332184948245775,0.034357044129249725,2.068667090677734e-06,905.4951925302558,0.6319071865557443,0.7444806395875312,0.0,7,13,15,31137.989486932755
8853,0.3530181170852138,2.9600728491894366e-05,0.5,21.01397378619516,3005.2882890366745,5.3194793054905825,141.8486811761209,109584.35144940502,11.076053621559856,0.03359148635985047,1.9960344497283606e-06,908.530993064527,0.6319071865557443,0.7444806395875312,0.0,7,13,15,31260.024615764618
8887,0.35402427587081886,2.960372195470926e-05,0.5,21.01890071099214,2985.6084941199083,5.318609274079576,141.72912650690807,109538.8274470089,10.80395769768783,0.03277476591385046,1.9851077496124666e-06,911.5448897805401,0.6319071865557443,0.7444806395875312,0.0,7,13,15,31382.408891677856
8920,0.3550024693683746,2.968645034247304e-05,0.5,20.985306988141197,2958.6785939288116,5.317710207052827,141.6129408652554,109520.42622348385,10.657761337366582,0.03233521203605187,1.8802123891703116e-06,914.452221269107,0.6319071865557443,0.7444806395875312,0.0,7,13,15,31501.094690561295
8954,0.35601375583726763,2.979894570350293e-05,0.5,20.94784722364578,2932.36758208658,5.316870850754126,141.4928324348765,109542.92057992646,10.536809712661768,0.03196610553922544,1.7894098045438413e-06,917.4309889118211,0.6380092764983573,0.7367794060084726,0.0,7,13,15,31623.20383787155
8988,0.3570288760484709,2.9909134016895e-05,0.5,20.903883761639886,3053.816429047367,5.316087376384613,141.37223190494092,109638.05606794801,10.470889340966124,0.031753228044276,1.7620052330426638e-06,920.4693371006631,0.5373103084047759,0.8621950012515426,0.0,7,12,15,31745.003838062286
9021,0.358017510520053,3.000231962484608e-05,0.5,20.874455005698238,3207.138752988282,5.315298424290518,141.25462412758466,109821.773012108,10.420991229427818,0.031576184911904066,1.7175532072122009e-06,923.5642351596586,0.5407735894694108,0.8578794671326536,0.0,7,12,15,31863.19688153267
9054,0.35900886970131807,3.0073576764826455e-05,0.5,20.855090651843017,3401.2182933712807,5.314491155392781,141.1364384452549,110113.64620363884,10.335129980574878,0.03127517273209589,1.6792403175699259e-06,926.8398628751518,0.5407735894694108,0.8578794671326536,0.0,7,12,15,31982.06453180313
9087,0.36000210416915635,3.0115992932721134e-05,0.5,20.850006479759994,3589.955072897511,5.313744359838811,141.0177139327119,110517.61225460056,10.33354425917182,0.03121345326013532,1.606995655800336e-06,930.3118000541573,0.5413422047448408,0.8571715440475136,0.0,7,12,15,32101.258321762085
9121,0.3610263364922866,3.0127374429323397e-05,0.5,20.87353137249508,3763.423846210479,5.31290755438146,140.89485360453267,111027.41463429961,10.290546274688568,0.031012396953935675,1.6146616602813462e-06,934.0775842407448,0.5413422047448408,0.8571715440475136,0.0,6,12,15,32222.58235192299
9154,0.3620203388448828,3.0112168683020608e-05,0.5,20.92709847883454,3904.2101594543515,5.312020662843159,140.77513245217506,111579.10323378818,10.233141010712298,0.030763258409434207,1.5871916888109808e-06,937.8884073609837,0.5413422047448408,0.8571715440475136,0.0,6,12,15,32337.081988811493
9187,0.3630135689122753,3.0083706181340072e-05,0.5,21.002755743633934,4037.5081212082173,5.311230123745756,140.6549893109742,112155.70958197417,10.202377280246493,0.030591881727628424,1.484421496044876e-06,941.832384052541,0.5460145384773737,0.8513323149810272,0.0,6,12,15,32451.1397356987
9220,0.3640059156249058,3.0062489763073838e-05,0.5,21.09367464234541,4178.231894230957,5.310426390639551,140.53442381736983,112744.04054345864,10.129665036723047,0.030294607668818162,1.4713583766217425e-06,945.9088153506149,0.5460145384773737,0.8513323149810272,0.0,7,12,15,32566.868153572083
9254,0.36502814440233206,3.0076858045598015e-05,0.5,21.196907017334166,4310.06383005324,5.30960963085096,140.4096398840324,113348.81723751871,9.984789436866603,0.029781811663066416,1.4454078932681837e-06,950.2473054309486,0.5460145384773737,0.8513323149810272,0.0,7,13,15,32689.100863933563
9287,0.3660217591672801,3.015106510398673e-05,0.5,21.288227068967707,4423.244641153776,5.308681620360855,140.28775582774045,113942.52825232773,9.937175209017434,0.029562415684573243,1.41280410613767e-06,954.5860775528671,0.5460145384773737,0.8513323149810272,0.0,7,13,15,32808.43746471405
9320,0.36701890800882314,3.0286498036935617e-05,0.5,21.362394937764655,4534.137456672883,5.30776433572713,140.16484441433346,114554.21364477498,9.937132969416387,0.029483025419185453,1.3897955743728125e-06,959.0519991439203,0.5495471533177342,0.8469315071148023,0.0,7,13,15,32928.20741176605
9353,0.36802112790761,3.0449537423738666e-05,0.5,21.411877086007905,4671.673471295851,5.306870562542287,140.04068631572,115203.58548310101,9.958036707828837,0.029461303208486025,1.3157886768883198e-06,963.6651225921602,0.5530939158529008,0.8425039146004338,0.0,7,13,15,33047.46310091019
9386,0.369028475354319,3.0590181814099004e-05,0.5,21.43110085676792,4802.6293420458005,5.305903149357955,139.91524543347182,115903.26433407677,9.968949445796813,0.02940402134964847,1.2074621642839636e-06,968.437079966344,0.5530939158529008,0.8425039146004338,0.0,7,13,15,33167.050102472305
9418,0.3700088943492602,3.067359141373303e-05,0.5,21.423985578358142,4913.390965038139,5.304912164137384,139.79249904729937,116639.08044983198,9.947362116953995,0.029247256780269286,1.2458332154967292e-06,973.1999653984939,0.5530939158529008,0.8425039146004338,0.0,7,13,15,33282.44284629822
9451,0.3710217304949337,3.0700536620890845e-05,0.5,21.403986813534033,5008.807617908568,5.3038992487348855,139.66496440861224,117453.38425440114,9.909521439877274,0.02903437150541289,1.1765694966467215e-06,978.2247460831733,0.5530939158529008,0.8425039146004338,0.0,7,13,15,33401.26691174507
9483,0.3720039871626522,3.068683590079247e-05,0.5,21.375245498218725,5081.6394802148725,5.302780843634856,139.5405312827781,118286.56523862366,9.877450859725949,0.028837789066034993,1.0268508823300466e-06,983.1804505543696,0.5530939158529008,0.8425039146004338,0.0,7,13,15,33516.24981093407
9516,0.3730163133964952,3.067127121590612e-05,0.5,21.3449858782299,5137.940267463802,5.3016946889073076,139.41148141001872,119174.5616245428,9.870500036559694,0.028709289884519807,9.903828826618167e-07,988.3532248930825,0.5536757387750461,0.8417807413219859,0.0,7,13,15,33635.460752010345
9549,0.3740290795187813,3.072713142599305e-05,0.5,21.308585248713694,5186.706524103004,5.30055697422916,139.28152228141406,120076.63271926755,9.90439692106178,0.028698690151429576,9.504349092714451e-07,993.5814511406167,0.5549023210110847,0.8402286426978121,0.0,7,13,15,33754.634371995926
9581,0.3750150303387991,3.0897388833974146e-05,0.5,21.26325842770408,5278.515521179073,5.2994484797376655,139.1541459216425,120953.75073982956,10.013984191973847,0.0289098529126407,9.142915371013618e-07,998.740548269224,0.5602597314210684,0.8335898269164304,0.0,7,13,15,33870.63860702515
9613,0.37600673279013197,3.109918698051758e-05,0.5,21.22512540491455,5370.017493430364,5.298314757011436,139.02516293968932,121828.60843751671,10.18858030546788,0.02930692464386938,9.217857912837726e-07,1004.0206364160674,0.5602597314210684,0.8335898269164304,0.0,7,13,15,33985.999084711075
9645,0.37700931576246227,3.16207861208791e-05,0.5,21.178872069301445,5453.006717900284,5.297213664332452,138.8938455415889,122701.07521459546,10.371821917371353,0.02972650236301919,9.477138854135186e-07,1009.4461263077668,0.5602597314210684,0.8335898269164304,0.0,7,13,15,34101.43689894676
9676,0.37800414489612233,3.261861998979102e-05,0.5,21.12316160739845,5524.378919033809,5.296082689907791,138.76251463051815,123550.15875066542,10.532789494319585,0.030082709901250067,1.0087548442613726e-06,1014.9064378292885,0.5602597314210684,0.8335898269164304,0.0,7,13,15,34213.55712032318
9706,0.37900427466170933,3.407512715016633e-05,0.5,21.071586983051183,5623.553353255606,5.294949460541184,138.62932241246708,124388.35782059339,10.678735590943253,0.030395374007640648,1.0910842031183383e-06,1020.4811272744208,0.563423157627781,0.8296155450114366,0.0,7,13,15,34321.35137271881
9736,0.38001915034782535,3.358547942677176e-05,0.5,21.019999881521308,5723.7344249798725,5.293829632856595,138.49319433608986,125229.6749072008,10.809896564196508,0.03066391432492026,1.0502212860713308e-06,1026.2391705091673,0.563423157627781,0.8296155450114366,0.0,7,13,15,34429.13805150986
9766,0.38102052946112785,3.3223621820564485e-05,0.5,20.96503241594393,5805.144779471269,5.292681569171348,138.3581649955546,126060.91350788012,10.931927221499993,0.030906384450631073,9.905059730929083e-07,1032.0115599267297,0.563423157627781,0.8296155450114366,0.0,7,13,15,34537.61739039421
9796,0.38201536505277284,3.3159494233026214e-05,0.5,20.915218163878475,5906.860159317674,5.2916298616845285,138.22324219417504,126895.80000541736,11.053803909187684,0.031146639472678327,9.962654663952696e-07,1037.8373196080443,0.5689235224153442,0.8228147439460004,0.0,7,13,15,34645.80879497528
9826,0.38301107947715995,3.323630044978766e-05,0.5,20.853328308634985,6024.239383623428,5.290578261708826,138.08734098521603,127748.54867339248,11.18749800396495,0.031416523559360136,1.002492073308841e-06,1043.7773035648968,0.5693833233393917,0.8222767865238755,0.0,7,13,15,34752.01083731651
9856,0.38401381169726156,3.3651415829454075e-05,0.5,20.786788657081694,6124.407037065582,5.289508615202399,137.94953187849057,128630.40919910555,11.335708390326733,0.03172184995730095,1.029860135869809e-06,1049.8682231632204,0.5693833233393917,0.8222767865238755,0.0,7,13,15,34857.6230738163
9886,0.3850341178898042,3.444085511518875e-05,0.5,20.72681021274487,6218.123728469617,5.288484166031072,137.8081984387375,129553.63304918293,11.488564370023948,0.0320331586727727,1.0617864770359266e-06,1056.164803449082,0.5726240622723859,0.8182581086912002,0.0,7,13,15,34963.12311291695
9914,0.3860147811718503,3.547226359390005e-05,0.5,20.66394582054298,6333.189169823299,5.287540149096269,137.67115318511534,130460.53007054506,11.629319082193048,0.032311041414003316,1.138925902577427e-06,1062.3191092994957,0.5726240622723859,0.8182581086912002,0.0,7,13,15,35061.659110069275
9942,0.3870117429226058,3.5720119481505246e-05,0.5,20.603112963071556,6426.590988187108,5.286552062426351,137.53071301659986,131403.50914761494,11.771869468030435,0.03258775453831244,1.1643515253260482e-06,1068.6796156822886,0.5726240622723859,0.8182581086912002,0.0,7,13,15,35160.37839221954
9970,0.3880148297871766,3.581300238295631e-05,0.5,20.543545460377825,6487.216711256499,5.285571963345445,137.38835625089334,132366.07797410982,11.92923615993475,0.032901184816886815,1.2419433775345848e-06,1075.1564511197412,0.5726240622723859,0.8182581086912002,0.0,7,13,15,35258.51080060005
9998,0.38900888891132834,3.5144930604092065e-05,0.5,20.514612951312692,6508.489876886825,5.284622632012509,137.24636796043524,133331.41937327426,12.070780534213565,0.03316890742471409,1.2593175650613976e-06,1081.6157014741125,0.573083681004689,0.8177144490079133,0.0,7,13,15,35356.96204447746
10027,0.39001725600355447,3.444412013559095e-05,0.5,20.58496473871492,6473.575430291599,5.283688307886649,137.10150883365947,134320.73046333893,12.174117324524525,0.033327543749732624,1.2711838861059153e-06,1088.161045196557,0.573083681004689,0.8177144490079133,0.0,7,13,15,35459.0932366848
10056,0.3910080400671905,3.395083989957165e-05,0.5,20.70123685111025,6407.279194348253,5.282778581415736,136.95830307035394,135303.3999746361,12.225515947948216,0.033344721507238495,1.2926680961090189e-06,1094.5421179406098,0.5767489633199255,0.813082869731277,0.0,7,13,15,35561.300817251205
10086,0.3920234507047732,3.382334306590457e-05,0.5,20.819593381906532,6453.44378280734,5.281810714601362,136.81045912521031,136315.39121174006,12.290594979160039,0.033395633424627945,1.3816095683481096e-06,1101.071575399614,0.5786305028233323,0.8107934400695815,0.0,7,13,15,35666.90945315361
10115,0.39300431139878833,3.3750999519026404e-05,0.5,20.936945670940386,6464.015651278625,5.280972320736157,136.66641478559,137285.89330020628,12.440341140959225,0.03368062082337078,1.4508935965658557e-06,1107.406689512329,0.5786305028233323,0.8107934400695815,0.0,7,12,15,35769.161907196045
10145,0.3940002152443468,3.2778722188097766e-05,0.5,21.065580621701837,6453.597742703403,5.2801203592801755,136.51924275335125,138268.55339551612,12.692212891443903,0.03423754005477029,1.4519247808521278e-06,1113.8390399395812,0.5818913770894122,0.8066844492916144,0.0,7,12,15,35875.03838253021
10176,0.39501137131523634,3.252620081536891e-05,0.5,21.200655872147347,6484.270766116265,5.279147500374484,136.36892557377945,139257.53776198966,12.6581358415715,0.03402228865153763,1.7188057769641979e-06,1120.380142083113,0.5823645931624533,0.8061345520874038,0.0,7,12,15,35985.565118551254
10207,0.39602322236908805,3.2874656170188365e-05,0.5,21.347885850934954,6447.387928872421,5.278219132344421,136.21710044587675,140222.3099421157,12.974279686931299,0.03474872526402824,1.8991469370639396e-06,1126.9225983224005,0.585660774894546,0.8020154553835005,0.0,7,12,15,36094.90320086479
10237,0.39702072102323605,3.343026674966309e-05,0.5,21.5184350042737,6481.155592565508,5.277358987534718,136.06599757030187,141125.4478727448,13.820658906895298,0.03689168310106598,2.063171482251924e-06,1133.3707007037647,0.585660774894546,0.8020154553835005,0.0,7,12,15,36201.17698073387
10267,0.39802054665860026,3.310027878455346e-05,0.5,21.694477656382478,6504.613851727592,5.276436390320751,135.9136882801391,141997.68082943402,14.140965984651157,0.037627027010795636,2.0884534128346328e-06,1139.8624532964313,0.5913750415318991,0.7949562349787807,0.0,7,13,15,36307.15359854698
10297,0.399010732557449,3.2954290689916626e-05,0.5,21.89627976724795,6665.749559222123,5.275562003358724,135.76214174130024,142823.2855592042,13.71803234602374,0.036395233583125956,2.099193458197697e-06,1146.3830073625493,0.5913750415318991,0.7949562349787807,0.0,7,13,15,36413.14149951935
10327,0.4000001286753177,3.291526003295236e-05,0.5,22.1165237403525,6685.521968540052,5.274629962990896,135.609567130728,143599.2536547832,13.465839735972537,0.03562806464242877,2.1054379131798187e-06,1152.9878554716386,0.5918516116399511,0.7943940413371952,0.0,7,13,15,36519.23191332817
10358,0.40101514685591,3.257387037544313e-05,0.5,22.364221986505722,6609.749826053388,5.273737835227322,135.45209134530697,144340.18707017507,13.281880391827768,0.0350493291489887,2.161104541145261e-06,1159.7353267653527,0.5951925305190247,0.7902131873075555,0.0,7,13,15,36628.72132086754
10389,0.4020190836009265,3.218059434970858e-05,0.5,22.62181494284676,6460.596438656907,5.272808650869252,135.29534007670162,145025.84198204405,13.399095393474298,0.035272291570847936,2.199532947434979e-06,1166.2962272079685,0.5956733852565431,0.7896454599585035,0.0,7,13,15,36738.155076265335
10420,0.4030086895934937,3.1682618051514724e-05,0.5,22.903450227146447,6309.5881365487085,5.271995050863762,135.14009487655375,145690.45669534712,13.454136164984273,0.035333891020640426,2.150715279716948e-06,1172.6149527988748,0.6029125445410543,0.7805924931930666,0.0,7,12,15,36847.564943790436
10452,0.4040145375020662,3.120826629639147e-05,0.5,23.187331588298928,6459.109411331907,5.271096386398137,134.98154370011216,146410.1173637051,13.31101373860868,0.03487022667090401,2.1609955696064164e-06,1179.03663666074,0.6034001738212695,0.7800194495609182,0.0,7,12,15,36961.22905111313
10484,0.4050062718615916,3.080310064185614e-05,0.5,23.48755772771453,6645.6982232877335,5.270245187787253,134.82413478598124,147157.70237435383,12.89633183108709,0.03369713206091984,2.2873449550393784e-06,1185.5348806638517,0.6068292836353156,0.7757514941440615,0.0,7,12,15,37075.2597489357
10517,0.40601693594121147,3.0483735206491172e-05,0.5,23.783846372831835,6389.41246755938,5.269350060190858,134.66251831210798,147951.30919699278,12.59199014330382,0.032812364853725934,2.326733332895242e-06,1192.1219397384057,0.6073171867264432,0.7751727313872669,0.0,7,12,15,37192.54841160774
10550,0.4070203418146783,3.04074087627268e-05,0.5,24.069052906139333,6256.3956918974845,5.2685761268371785,134.50075304344617,148797.37054815853,12.512249314167198,0.03250998316367102,2.5275598272785733e-06,1198.4663788293724,0.6131975501261413,0.7678141051787438,0.0,7,12,15,37309.89326548576
10583,0.40803027283544063,3.0879414810226e-05,0.5,24.343837776205834,6175.440124164638,5.267834560672718,134.33625768481417,149675.6863616945,12.340430784206823,0.03196788626107843,2.739865330927524e-06,1204.7440271472053,0.6171491021171237,0.7628654512347844,0.0,7,12,15,37426.233827352524
10615,0.4090287169813009,3.1393732898063855e-05,0.5,24.5664189720392,6191.636514823021,5.266964978109269,134.1716750926673,150587.66306765593,12.211133438900358,0.031535519874358486,3.0585808411594574e-06,1210.9179447830065,0.620648193411218,0.7584899351070966,0.0,7,12,15,37538.96082186699
10646,0.41000767405567906,3.161883727508634e-05,0.5,24.761451853500272,6382.073042743673,5.266186067453994,134.00837199703594,151530.47192325094,12.149770147192791,0.03127770099510047,3.4160680984703272e-06,1217.0725057442846,0.6271941432309801,0.7503703395926903,0.0,7,12,15,37648.09781265259
10678,0.4110151552502155,3.149804910938504e-05,0.5,24.898638228957335,6336.936047163969,5.265444040630096,133.83841773517855,152510.61255594602,12.21175774712942,0.031334205823438196,3.3464620956822023e-06,1223.4795869798945,0.6307363864226225,0.7459146292394596,0.0,7,13,15,37760.775448322296
10709,0.41200825684116305,3.257364835425837e-05,0.5,24.984647422563118,5850.838438173067,5.264627990093298,133.66861264911836,153461.8116554152,12.182775659103463,0.03116124773588395,3.6530223969881075e-06,1229.5314360956436,0.6373400457535844,0.7376183127765625,0.0,7,13,15,37870.12074947357
10740,0.41300988786853904,3.2080988272889974e-05,0.5,25.13542143401797,6048.100382199312,5.26386239319326,133.49517364892893,154396.2583632167,12.365877949514536,0.03153166477851928,4.05483540034083e-06,1235.4906092533104,0.6409523341927327,0.7330855920147547,0.0,7,13,15,37979.94368624687
10772,0.4140307912649128,3.171271907824208e-05,0.5,25.44001564461491,5999.2945912637415,5.262985231754053,133.3165618027684,155319.28649543732,12.55160408670758,0.031907946894539796,4.390651591126668e-06,1241.6402224762428,0.6456004184789801,0.727263369231881,0.0,7,13,15,38093.272721767426
10803,0.41500529209571796,3.1257600446731475e-05,0.5,25.787122802857393,5910.7257238275015,5.262232249984947,133.1445040448812,156156.9678772044,12.648472023371925,0.032066145615434055,4.18990629173322e-06,1247.443384822224,0.5571844128588479,0.8373928737832942,0.0,7,13,15,38207.61942243576
10835,0.41600607661494143,3.1362214150019734e-05,0.5,26.21239412978156,5980.6263204107,5.261408355688229,132.96614695842442,156894.9557410654,12.704807296228767,0.03213159686010113,4.437896425770686e-06,1253.393725341479,0.5612690758481035,0.8322998989256786,0.0,7,13,15,38320.66334462166
10867,0.4170160463199368,3.178209572570964e-05,0.5,26.627976859321706,6136.933137674384,5.260566418893205,132.78431051405516,157517.4422959394,12.911216354805168,0.03258717720380476,4.966163829214576e-06,1259.512909317052,0.5699824520540457,0.8215329059556707,0.0,7,13,15,38433.55869102478
10898,0.4180105781735712,3.241731036019774e-05,0.5,27.059321845886984,6158.276722452265,5.259741657431,132.6034734357683,157994.61060670714,13.19211247362607,0.033243838171998635,5.733283709076224e-06,1265.62689824356,0.575506532898564,0.814667894697592,0.0,7,13,15,38544.049196481705
10930,0.41901286519675907,3.0249194768840783e-05,0.5,27.455395572119905,6060.801915293996,5.258878046073434,132.42062510336032,158275.95090402974,13.357920056026881,0.03363015994229618,5.288274035211615e-06,1271.7504102205226,0.5796756061555213,0.8094624708341651,0.0,7,13,15,38658.75068259239
10964,0.42002216899014294,2.9385220664441642e-05,0.5,27.79422533697297,5934.185934395314,5.258037377255342,132.23679954809674,158397.37520518727,13.290595341996022,0.03344702365613614,5.503375582285731e-06,1277.803703589665,0.5871939291535397,0.8001114787686607,0.0,7,13,15,38779.10741305351
10998,0.4210233101928424,2.965544179484522e-05,0.5,28.03974962060323,5776.790616397732,5.2571435565808615,132.0539060483738,158444.40769540597,13.409382944556878,0.033739696032689746,6.242031948025579e-06,1283.665874164088,0.6899992313095406,0.6708337008719153,0.0,7,13,15,38899.52952623367
11031,0.4220193117785549,3.083484649475313e-05,0.5,28.162587097486547,6093.069598049009,5.256316271536198,131.87082243039592,158331.84696919957,13.645403247610513,0.03434424158928303,6.832421863872529e-06,1289.5770739619754,0.6972330610560316,0.6615941200135845,0.0,7,12,15,39015.41980099678
11063,0.4230030320777262,3.058848564415671e-05,0.5,28.16939156728976,5787.35205758223,5.255387298804744,131.68926946256633,158082.43641633083,14.233573017111553,0.035850263161094145,6.9314625123432686e-06,1295.4205799346548,0.7024447069967626,0.654785215992561,0.0,7,12,15,39127.97465443611
11096,0.4240229736582909,3.1418416871217724e-05,0.5,28.090868438870007,5662.185464229523,5.254524291172334,131.50079286971442,157805.17872486994,14.644761209582152,0.03691621864145156,7.427744537695556e-06,1301.2595096330203,0.7101089725326258,0.6448033513656112,0.0,7,12,15,39243.40974569321
11127,0.4250261960585931,3.348848013923891e-05,0.5,27.87406923688255,6126.446681135824,5.253721540588827,131.31402090412496,157503.32631836826,14.527658128261917,0.03665589426921954,9.672707367347968e-06,1307.1728195515968,0.7192286963436656,0.6329478073566129,0.0,7,12,15,39352.349338293076
11156,0.42601575382632556,3.4414432322993796e-05,0.5,27.60443261728767,6018.8352565230025,5.2528414932006,131.12825490619483,157105.0531223845,14.693861058123009,0.03712114489748869,1.0340997116727024e-05,1313.1820485929525,0.7220820175834576,0.6292219733769703,0.0,7,12,15,39454.34614729881
11185,0.42701845713981196,3.4693247168250095e-05,0.5,27.270663769592602,5421.006997031041,5.25198867100051,130.93981258343612,156501.50508752756,15.159042823129417,0.038368023567896495,1.063937070615039e-05,1318.9174324596527,0.7312797242318759,0.6170199737249712,0.0,7,12,15,39556.94171333313
11213,0.4280000291222458,3.547274178262059e-05,0.5,26.8978450486204,5385.996144177051,5.251078202073003,130.75522854681614,155722.52256684404,15.354862470153982,0.03895974165137396,1.0267870917523476e-05,1324.2213582083948,0.735328362089743,0.611589349180717,0.0,7,13,15,39656.09478545189
11241,0.42900709774416806,3.6368236360292295e-05,0.5,26.49517578557572,4673.5315820917385,5.250214300253406,130.56561036181543,154761.24429295605,15.78575474687098,0.04017537138350894,1.1784987849668788e-05,1329.2866755706361,0.7428932541112301,0.6014143821657401,0.0,7,13,15,39755.1910302639
11269,0.43002088199554805,3.5656928209752054e-05,0.5,26.20206159429603,4654.003254651401,5.24929257415003,130.3752296843233,153499.37816456004,15.601832092826443,0.03987095376934809,1.0777641224955666e-05,1334.0147295314803,0.7493838326924751,0.5926457167566331,0.0,7,13,15,39857.852358818054
11297,0.43100651583186295,3.503425015717428e-05,0.5,26.352896717364544,4227.027878142005,5.2484399472094845,130.19187289016776,151970.06394750832,15.050536324237045,0.038657521663368645,1.072233624740239e-05,1338.3914519244038,0.756477771295272,0.5830315879404904,0.0,7,13,15,39958.93922352791
11325,0.43200702985989586,3.705722065791042e-05,0.5,27.055793470070018,3899.8980149748822,5.247550172611703,130.00661250350052,150173.4516084374,14.647705594982096,0.03784914252235971,1.1339207632790697e-05,1342.4570036048274,0.6462778424885841,0.7264118077373937,0.0,7,13,15,40057.56562757492
11352,0.4330195010906774,3.719011756666099e-05,0.5,27.821017615011257,3821.956787931168,5.246566395951535,129.81941405569233,148155.17781572108,14.520060211311009,0.0377750560257643,1.1257610442000084e-05,1346.3660815229346,0.6483475865559196,0.7237845657372534,0.0,7,13,15,40152.68348360062
11379,0.4340311872645471,3.826647405274071e-05,0.5,28.507547645788488,3740.546764504126,5.245647405519046,129.63505684509144,146148.0028444609,14.172399147881102,0.03712483293889603,9.934993305293593e-06,1350.1915216648542,0.6524573523586981,0.7185927208148567,0.0,7,13,15,40247.532101392746
11406,0.43502358918607104,3.536529455806294e-05,0.5,29.0645835692323,3646.0501949531154,5.244847914732005,129.45779869691313,144267.57403606354,13.834674338621877,0.03647745679299021,8.802796804728543e-06,1353.8567581728985,0.6524573523586981,0.7185927208148567,0.0,7,13,15,40342.97018408775
11435,0.43601152679788213,3.3101727358378795e-05,0.5,29.47743835459733,3553.1188252375564,5.244005483087905,129.28667345454176,142549.09349458534,13.76004854269746,0.03649969034762133,6.371635002933192e-06,1357.4129230973142,0.6614521992217048,0.707189284006826,0.0,7,13,15,40445.77253031731
11466,0.43702612073284375,3.277201367031868e-05,0.5,29.81106867679888,3487.003632315295,5.243106410005759,129.11505751412085,140915.19852339398,13.867536904643062,0.03699779821890564,7.4098328402905555e-06,1360.9843558707244,0.6614521992217048,0.707189284006826,0.0,7,13,15,40554.926354169846
11497,0.4380281455855945,3.122939895638533e-05,0.5,30.001854733575293,3412.234845160558,5.242241817235326,128.94866382813427,139382.7154503476,14.082509198759587,0.037777242862390176,6.547434653859081e-06,1364.4409600804668,0.6614521992217048,0.707189284006826,0.0,7,13,15,40664.26977276802
11529,0.43900354621566157,3.0090891276706283e-05,0.5,30.029216410421817,3338.794878575649,5.241370025982777,128.7903884921355,137984.54854827683,13.875038245216693,0.03741028635585948,5.623449907868445e-06,1367.7334394035336,0.6673661395915248,0.6997740858702762,0.0,7,13,15,40776.93152451515
11562,0.44000449557028937,3.0868060200222984e-05,0.5,29.913821819496594,3285.3299996211726,5.24058289233909,128.62986390546718,136585.10693546204,13.542260618412355,0.03670158570873773,5.504114894061244e-06,1371.0486461644361,0.6673661395915248,0.6997740858702762,0.0,7,13,15,40893.05723071098
11594,0.44102949646597683,3.3395149681908254e-05,0.5,29.625149896945462,3224.7608937108976,5.239680135044986,128.46550044253237,135165.13040106263,13.531973485536517,0.0368666676606193,6.157584189566184e-06,1374.3850706627723,0.6678641861318396,0.6991003882223843,0.0,7,13,15,41006.110431194305
11623,0.4420158556854921,3.484282559950692e-05,0.5,29.120571290705954,3167.371019218386,5.238788217756485,128.30669214825025,133806.95728291728,13.37050401543395,0.0366125287310832,6.805712394400931e-06,1377.53753978511,0.6716641314390598,0.6943272119407238,0.0,7,13,15,41109.25814414024
11651,0.44303079502235454,3.779388420289721e-05,0.5,28.479849372406907,3109.3754405718705,5.237996420362286,128.14196911800653,132417.68092955582,13.341707700902603,0.03672574537212664,8.549354730088244e-06,1380.7227982298866,0.6716641314390598,0.6943272119407238,0.0,7,13,15,41208.7899749279
11676,0.4440128013816628,4.011353082302449e-05,0.5,27.749616465977276,3051.3170955524106,5.2371568989664485,127.98043388258012,131067.99469320098,13.742325417899846,0.03802205035114871,9.908376917871576e-06,1383.7477178539953,0.6781582621399325,0.6860658116553565,0.0,7,13,15,41297.49760508537
11701,0.4450302104227686,4.1450696590799594e-05,0.5,26.931140040562713,2995.9122807500908,5.2363005976656165,127.81231399263291,129697.00991507954,13.978864765432785,0.038880254479582176,1.3180443981708222e-05,1386.8239707745404,0.6781582621399325,0.6860658116553565,0.0,7,13,15,41385.96172451973
11724,0.4460106078633934,4.380518991129605e-05,0.5,26.095693101168877,2925.250351370478,5.2353951295613275,127.64963317780644,128371.30083388196,13.65546990142672,0.038178526465609985,1.2182598859767609e-05,1389.7265171195677,0.6781582621399325,0.6860658116553565,0.0,7,13,15,41467.41325259209
11746,0.4470054614919493,4.6426931115395526e-05,0.5,25.277681552303758,2850.6715842935723,5.234559654270512,127.4840139670509,126995.52218747896,13.40374032685108,0.03767901368927663,1.282354970464528e-05,1392.5996155675432,0.6830187458153572,0.6798072073488943,0.0,7,13,15,41545.12690496445
11768,0.44802720633060283,4.666240517576007e-05,0.5,24.656123018493517,2757.079807217237,5.233734350938717,127.31540560655147,125535.0773294291,13.825191319531562,0.039088278944701196,1.2692722812014064e-05,1395.4644610879072,0.6830187458153572,0.6798072073488943,0.0,7,13,15,41623.40486717224
11789,0.4490128820645518,4.6803740373108225e-05,0.5,24.344582398758728,2656.9945016155048,5.232894465263636,127.15540023214258,124079.46944188715,14.065229037787956,0.039999337739881735,1.2236785361133498e-05,1398.1327219219138,0.6873743534836668,0.6741736054906463,0.0,7,12,15,41698.43968343735
11811,0.45003765551412384,4.6378953606268076e-05,0.5,24.39577117221658,2547.5220766319394,5.232098668866402,126.99298016384243,122550.41382888114,13.443263329080569,0.03847191149155897,1.2658330274347672e-05,1400.7994471255365,0.6873743534836668,0.6741736054906463,0.0,7,12,15,41776.53629875183
11832,0.45100738121450595,4.599984076562606e-05,0.5,24.52767960926299,2440.321130734389,5.231263268758305,126.84311796352468,121130.1393495303,12.715750937322763,0.036606341791805753,1.0964015513175123e-05,1403.2178669993664,0.6912780722095372,0.6692343176892683,0.0,7,12,15,41850.49676370621
11854,0.45201514599762,4.5635025166727364e-05,0.5,24.613718304299613,2328.0871274988017,5.230500094802126,126.69101342454242,119748.01565769172,12.402432874806546,0.03591182020215416,8.983509761547256e-06,1405.6205839564452,0.6912780722095372,0.6692343176892683,0.0,7,12,15,41928.12359333038
11876,0.45300556474776615,4.405388781415149e-05,0.5,24.576265561087297,2226.601492079614,5.229766986997977,126.54496060034435,118500.4937499339,12.552890258653848,0.036538497657758795,7.750571205890405e-06,1407.876108461399,0.6873743534836668,0.6741736054906463,0.0,7,12,15,42006.28208518028
11900,0.4540414253312732,4.248622302812709e-05,0.5,24.368755591871054,2138.6587825622523,5.228975757396134,126.39591619815063,117340.05314255254,12.708634221765628,0.03717441776897568,7.284592160783202e-06,1410.1370089890245,0.6873743534836668,0.6741736054906463,0.0,7,12,15,42091.441832304
11923,0.4550038017024875,4.131460701460415e-05,0.5,24.17626713996486,2074.106801753265,5.2283034970424564,126.25999527217792,116393.04476938829,12.523648808762717,0.036783392620633,6.597119441580599e-06,1412.1641420169296,0.6825094222547914,0.6804987507410907,0.0,7,12,15,42172.71095895767
11948,0.45602451454785975,4.0407052129573994e-05,0.5,23.863483354663696,2026.7261533778617,5.227543563153918,126.11787400024491,115514.36017359796,12.29022690123589,0.03623633573816876,6.2097038946036e-06,1414.2570284539438,0.6781582621399325,0.6860658116553565,0.0,7,12,15,42260.98803472519
11973,0.45702316270305504,3.947699421196086e-05,0.5,23.637343692435188,1991.2342630794892,5.226869215906453,125.98039225735884,114781.11360330299,12.157697569094296,0.0359609228467657,5.103507436337198e-06,1416.2632928327153,0.6781582621399325,0.6860658116553565,0.0,7,13,15,42349.425204992294
11999,0.45803658566440764,3.864283216771406e-05,0.5,23.333095917377356,1961.093175892281,5.2261600924357845,125.84215248986742,114149.26036510781,11.972974031945027,0.0355135757304449,6.2226904316534625e-06,1418.2659825214341,0.6781582621399325,0.6860658116553565,0.0,7,12,15,42441.19701242447
12025,0.45903701932589835,3.8387875065362006e-05,0.5,23.179889096993023,1935.6479309234965,5.2255620330848584,125.70647290069778,113616.75294333047,11.999839787829428,0.035676901649592266,5.23832471737363e-06,1420.2151980081208,0.6781582621399325,0.6860658116553565,0.0,7,12,15,42533.01127576828
12051,0.46003644246496106,3.854054883979157e-05,0.5,23.044657099043924,1913.6530858960057,5.224902136115498,125.57131313894968,113165.54591210683,11.8482436530796,0.035297303376098155,4.926545860586065e-06,1422.1387382608343,0.6781582621399325,0.6860658116553565,0.0,7,12,15,42624.87352466583
12076,0.4610045010618502,3.891707415548331e-05,0.5,22.92545284503057,1895.1962619960168,5.224302266589205,125.44053205705848,112776.29313833601,11.654699906808544,0.03478165816223689,6.338940767529609e-06,1423.9823329385756,0.6781582621399325,0.6860658116553565,0.0,7,12,15,42713.25476360321
12102,0.462023571836716,3.948077216257222e-05,0.5,22.83630935252775,1890.9887915026704,5.223628978808533,125.30288487695115,112429.494645205,11.279120649695635,0.03371434280842288,5.235836504636455e-06,1425.9115282067028,0.7843050453684333,-0.5445847549301225,0.0,7,12,15,42805.469245672226
12127,0.4630195335413504,4.0197320678683316e-05,0.5,22.763115098008715,1954.5030512670746,5.223010811782327,125.16831740555116,112136.53077897981,10.883701322079945,0.03257650248093785,5.365308063773474e-06,1427.8265095121442,0.7843050453684333,-0.5445847549301225,0.0,7,12,15,42894.9402885437
12152,0.4640325425831022,4.041154556501377e-05,0.5,22.680086836141868,2021.4900831130979,5.222386452074622,125.03145560086132,111886.90573821959,10.65500987060729,0.031928621383771866,4.782535202995867e-06,1429.8403680096794,0.7843050453684333,-0.5445847549301225,0.0,7,12,15,42984.46166968346
12177,0.4650328740018846,3.9732758526879666e-05,0.5,22.613624432752733,2090.27574709338,5.221798538502262,124.89705333233857,111709.3525870911,10.491298852849496,0.03146385726541668,4.601902469815338e-06,1431.896932282995,0.7843050453684333,-0.5445847549301225,0.0,7,12,15,43074.37877845764
12202,0.4660220659831275,3.945958804700877e-05,0.5,22.53214726190989,2161.1618357589596,5.221144787226246,124.76490022091545,111600.00311099607,10.156727235669091,0.03047665201609659,4.754569084128198e-06,1433.9996762658511,0.7843050453684333,-0.5445847549301225,0.0,7,12,15,43163.8675262928
12227,0.4670073928203505,3.9398197309858296e-05,0.5,22.52660067681044,2235.7223294883047,5.220521918739154,124.63387812926437,111562.8433001875,10.048402872720072,0.030157230756609206,4.361116155240888e-06,1436.1658602499406,0.774607821906891,-0.5582038626454068,0.0,7,12,15,43252.72776603699
12253,0.4680331818003374,3.954468354611524e-05,0.5,22.533480809606452,2317.088977640218,5.219895474582164,124.49802496688348,111603.46056882865,9.884388675822393,0.029660317388356665,4.7184390385866965e-06,1438.5009720833466,0.774607821906891,-0.5582038626454068,0.0,7,12,15,43346.42175102234
12278,0.46902655030327245,3.995439482242473e-05,0.5,22.536618726780297,2399.294742122507,5.219276719802996,124.3668518559801,111724.88546550258,9.807675445883937,0.029414572224942724,4.295893668989533e-06,1440.8435256008306,0.774607821906891,-0.5582038626454068,0.0,7,12,15,43436.78443789482
12303,0.4700336870692516,4.063469304029761e-05,0.5,22.520804478659745,2486.0750937106964,5.218637815852921,124.23405253721677,111934.2777195181,9.711066251528893,0.029098031960792987,3.9778772396291386e-06,1443.3036433893672,0.774607821906891,-0.5582038626454068,0.0,7,12,15,43526.477620601654
12327,0.4710200168153447,4.156610128001286e-05,0.5,22.429262069624308,2574.3770173379476,5.218016937017699,124.10398042221752,112230.50959010988,9.680319552177389,0.028967836910606868,3.7322881685873103e-06,1445.7992806122706,0.774607821906891,-0.5582038626454068,0.0,7,13,15,43612.85431957245
12351,0.47203239662875207,4.280553461682895e-05,0.5,22.248989224543088,2668.3360205830922,5.217361381500536,123.97025870990547,112629.7407353425,9.553060568846819,0.028536735574217993,3.6905199032028313e-06,1448.45308903581,0.774607821906891,-0.5582038626454068,0.0,7,13,15,43698.72914099693
12374,0.47303463985844796,4.433792676592956e-05,0.5,22.15230822408092,2765.8612642618896,5.216670401501482,123.83746712392663,113124.36871994987,9.41282758254816,0.02805667760222685,3.986533191129833e-06,1451.176282754594,0.7843050453684333,-0.5445847549301225,0.0,7,13,15,43780.312757492065
12396,0.4740153420303424,4.437358832338948e-05,0.5,22.060804830244425,2866.421356209696,5.216074547145719,123.70722337848723,113710.20145670502,9.353875318655188,0.027809166357161044,3.481273940947494e-06,1453.9380786539039,0.7843050453684333,-0.5445847549301225,0.0,7,13,15,43859.13350152969
12419,0.47503089958383027,4.398455180056662e-05,0.5,21.907897327567394,2974.781986239277,5.2153760913400085,123.57253043782529,114434.22922658533,9.309692891217521,0.027590121860841314,3.6663229453189647e-06,1456.904117741845,0.7843050453684333,-0.5445847549301225,0.0,7,12,15,43940.83710718155
12442,0.4760303000892776,4.3000515697331086e-05,0.5,21.800657911972095,3085.436854974668,5.214731193674169,123.44013401476175,115258.35274107134,9.277842280041236,0.02739716030449163,3.441136294093433e-06,1459.9324106283605,0.7843050453684333,-0.5445847549301225,0.0,7,12,15,44022.598539590836
12465,0.4770106449620407,4.231440384647074e-05,0.5,21.684590768965894,3197.523200467392,5.214089136629298,123.31031868927896,116173.39648638993,9.282260933601538,0.027301805936715048,2.7885980642614457e-06,1463.0121444664244,0.7843050453684333,-0.5445847549301225,0.0,7,12,15,44104.945563316345
12489,0.47801920050052543,4.177847354392307e-05,0.5,21.56634611863038,3315.9328441544926,5.213443039536498,123.17660304909292,117214.25369575211,9.271498218937676,0.027148522466584963,2.7759946942425727e-06,1466.2967355506644,0.7843050453684333,-0.5445847549301225,0.0,7,12,15,44190.332976818085
12513,0.4790166867080847,4.1387338468694406e-05,0.5,21.463152387922534,3435.958624247578,5.212786067455353,123.04401864295401,118336.13880839737,9.2276320733762,0.026891425277111417,2.6500010201749067e-06,1469.6641948579986,0.7848675967790368,-0.5437356891028189,0.0,7,12,15,44275.240238666534
12537,0.4800070735579339,4.119514736854253e-05,0.5,21.345803900699412,3556.697999775675,5.212139504302163,122.9118858021032,119531.44743389318,9.137224515190587,0.026494268816276832,2.4908463518610895e-06,1473.1269124409703,0.7848675967790368,-0.5437356891028189,0.0,7,12,15,44360.494931697845
12562,0.48103779197651286,4.1314772923004216e-05,0.5,21.199563145730913,3683.865273824183,5.211501331759121,122.77365166843163,120863.16350176641,9.070437292020785,0.02615498428454176,2.227452327831342e-06,1476.8584034044632,0.7946182827023154,-0.5298198426042257,0.0,7,13,15,44450.26835846901
12586,0.4820329799120665,4.164459093802698e-05,0.5,21.033014305559238,3824.5578997012344,5.210901134482206,122.63930590637317,122228.46160562788,9.097680922211266,0.02608606919405965,2.162631311790206e-06,1480.594549483125,0.7946182827023154,-0.5298198426042257,0.0,7,13,15,44535.95682263374
12610,0.48303945375297597,4.224189119665746e-05,0.5,20.827962741807642,3968.123498803866,5.210239679172681,122.50240102028206,123698.79093137769,9.130990270124071,0.02602490124729439,2.1552062699838223e-06,1484.5161144721937,0.7946182827023154,-0.5298198426042257,0.0,7,13,15,44621.063838005066
12633,0.4840196596954621,4.298041064554581e-05,0.5,20.57454345159686,4106.845816704194,5.209611915869363,122.3679267818399,125226.7995399834,9.173024511862536,0.025984049564182616,2.1116577320537383e-06,1488.473680926421,0.7946182827023154,-0.5298198426042257,0.0,7,13,15,44702.88510298729
12656,0.4850153971235268,4.344445199818e-05,0.5,20.321289272893303,4243.4878327705765,5.2090307847536526,122.23008022244825,126883.30839317868,9.177524428646123,0.02582589743660565,2.1943529127887723e-06,1492.631050802226,0.7946182827023154,-0.5298198426042257,0.0,7,13,15,44784.88001251221
12679,0.48601882543090946,4.3860641137971635e-05,0.5,20.01200952242874,4385.9109039785035,5.208403937553882,122.08989590626422,128670.73967951021,9.178271580640878,0.025647287313931146,2.17978988328311e-06,1496.960542286299,0.8088526327124991,-0.509311633981191,0.0,7,13,15,44866.51790213585
12702,0.4870209632269919,4.2853188774342605e-05,0.5,19.697514095712023,4580.244733673889,5.207804539742739,121.94859282120112,130582.97617664872,9.186662487207563,0.025481327598079445,2.0180589656770545e-06,1501.4532040113236,0.8088526327124991,-0.509311633981191,0.0,7,13,15,44948.35906624794
12725,0.4880012583090163,4.2738383217532166e-05,0.5,19.387427439698865,4767.6076616029095,5.20713456099964,121.80919378194852,132577.33325024357,9.224698787025197,0.025392810176350773,1.8996280397303442e-06,1506.0350308766135,0.8088526327124991,-0.509311633981191,0.0,7,13,15,45030.15221643448
12749,0.4890416690740796,4.3733856914928816e-05,0.5,19.061772261635358,4958.396887113831,5.206572188883258,121.65938514388903,134810.09838144702,9.301358162279552,0.025389917059038574,2.004255044047207e-06,1511.0945507933832,0.8094311202071878,-0.5084172321288924,0.0,7,13,15,45115.64030408859
12772,0.490041354076245,4.307573893663142e-05,0.5,18.78065149298344,5124.145302092012,5.206004618434302,121.51366608898712,137050.11510572306,9.403610656420536,0.025457353462332775,1.8556636008054216e-06,1516.1342338985078,0.8094311202071878,-0.5084172321288924,0.0,7,13,15,45198.56451797485
12795,0.49102152158295165,4.219863706719402e-05,0.5,18.632269827532333,5258.993994042414,5.205421264600631,121.3691999212392,139313.77625016286,9.50206230342487,0.02551299421043283,1.7073368031711224e-06,1521.2228417763477,0.8094311202071878,-0.5084172321288924,0.0,7,13,15,45281.331085920334
12819,0.4920233006729281,4.133030567760571e-05,0.5,18.86075257621086,5395.486809134466,5.2048370923694245,121.21982203093066,141658.45087477117,9.611300140525096,0.025590752408601657,1.618728978403144e-06,1526.5595598179366,0.8143585110055035,-0.5011222271553047,0.0,7,12,15,45367.68059015274
12843,0.4930052108067067,4.0543890277847314e-05,0.5,19.061353643756192,5497.4420317436925,5.204228290961901,121.0716332263886,143949.22653789193,9.730526562307308,0.025700146421719413,1.5229951778346885e-06,1531.9074984256301,0.8143585110055035,-0.5011222271553047,0.0,7,12,15,45453.22114777565
12868,0.49400927035573605,3.982660557923579e-05,0.5,19.24439982070245,5549.477654182649,5.203646955136557,120.91823962803984,146241.80713458383,9.867911877082035,0.02585679797005574,1.4583220548838887e-06,1537.4533810246376,0.8143585110055035,-0.5011222271553047,0.0,7,12,15,45541.7258207798
12894,0.49503580947199266,3.917568326362971e-05,0.5,19.41208941152075,5542.92111918176,5.203021172649799,120.75946202256343,148488.9181381799,10.030522258402119,0.0260821094679865,1.4450672280178407e-06,1543.1467716416253,0.8143585110055035,-0.5011222271553047,0.0,7,12,15,45633.80833983421
12919,0.4960077530183486,3.860988504225926e-05,0.5,19.5166752551041,5490.165536785682,5.202430661386585,120.60735191361432,150486.5812741219,10.202214640616424,0.026350811094730992,1.4624465694141566e-06,1548.508540327452,0.8242494379646675,-0.4862207106060529,0.0,7,12,15,45723.432946681976
12945,0.4970041201882335,3.806184856767945e-05,0.5,19.579098003437956,5487.587670692405,5.2018586302515955,120.44970200253809,152367.48301373486,10.378153436625324,0.02663821276509674,1.5282132984311717e-06,1553.9774767749668,0.8242494379646675,-0.4862207106060529,0.0,7,12,15,45816.61146783829
12972,0.4980243228155302,3.7536721255006635e-05,0.5,19.567154619799847,5501.413841644201,5.201235493282505,120.28658544244756,154092.42687453298,10.549880846498816,0.026925988318661265,1.5340705139790065e-06,1559.5829808820936,0.8342084057072305,-0.47097618380763695,0.0,7,13,15,45913.23949813843
12999,0.4990312618716573,3.708360404285759e-05,0.5,19.517748000109414,5503.148830730182,5.200617930752614,120.12403820380175,155578.9390238895,10.701390391515243,0.027180969940885483,1.484080045523919e-06,1565.1234428572996,0.8342084057072305,-0.47097618380763695,0.0,7,13,15,46009.8578646183
13026,0.5000275058384284,3.674864383099872e-05,0.5,19.455224449178782,5451.688547514194,5.20001351106273,119.9618527745287,156837.77473946972,10.826951996736726,0.027388501282011143,1.4486705020936216e-06,1570.5802881798165,0.8342084057072305,-0.47097618380763695,0.0,7,13,15,46106.364127635956
13053,0.50101696848692,3.65833563536525e-05,0.5,19.45618658741544,5356.8099357081555,5.199434511861113,119.79959836719964,157896.09706590304,10.929770668463433,0.02755507233070004,1.5201405638440558e-06,1575.92759094753,0.8342084057072305,-0.47097618380763695,0.0,7,13,15,46202.65548300743
13080,0.5020048986767914,3.66338005057564e-05,0.5,19.709090375227643,5230.472357428319,5.198839833512589,119.6365907235089,158790.33858246816,11.041409066899257,0.02775734130865081,1.763357212134901e-06,1581.1573388505703,0.8386571752987004,-0.46422413613262326,0.0,7,13,15,46298.61030840874
13108,0.5030346176539681,3.695564735945233e-05,0.5,20.071498421755738,5107.937580874794,5.1982002352165,119.46574856663197,159591.35131994233,11.21721923961761,0.028127641987440888,2.1985487917976135e-06,1586.4801673042214,0.8386571752987004,-0.46422413613262326,0.0,7,13,15,46398.64501976967
13134,0.5040026729977969,3.753461265603015e-05,0.5,20.413309317969958,4999.13740292003,5.197608980181195,119.30432917042914,160257.84974540496,11.452576869652747,0.02865712111863376,2.6862390828286137e-06,1591.372271278492,0.8441659728655067,-0.4553949681950879,0.0,7,13,15,46492.24724507332
13161,0.5050279305360308,3.842562420885752e-05,0.5,20.833040780220404,4874.69728618102,5.196961822715971,119.13256762132212,160899.71604152917,11.776932695046982,0.029408754016524843,3.3030763685118493e-06,1596.4338830016302,0.8441659728655067,-0.4553949681950879,0.0,7,13,15,46588.45097112656
13187,0.5060295505301293,3.853875084713625e-05,0.5,21.22581989345205,4742.730466031261,5.196320969417521,118.96402632971657,161478.93484874204,12.248989876680762,0.030531116888412813,4.477772043928422e-06,1601.2503869658372,0.8441659728655067,-0.4553949681950879,0.0,7,13,15,46681.19764876366
13213,0.5070354134489599,3.889166935063861e-05,0.5,21.581933496269208,4616.420599900119,5.195610325200551,118.79408745515359,162018.71030802611,12.831413036333041,0.031927604948532515,5.263249595555183e-06,1605.957398470314,0.8491813397203617,-0.4474281040180419,0.0,7,13,15,46773.82195663452
13238,0.5080163427985608,3.961261764394251e-05,0.5,21.822294111813193,4503.286649752773,5.195067646435621,118.62763027734698,162495.12244999583,13.377543653687455,0.03323575752230592,7.471290390238642e-06,1610.4302927207905,0.8491813397203617,-0.4474281040180419,0.0,7,13,15,46863.44762349129
13263,0.5090099112812806,3.966119200138786e-05,0.5,22.025603610791165,4383.848279176336,5.194442672022998,118.45830491052655,162924.17600105135,13.939355658983505,0.03458382921368385,8.52581225991869e-06,1614.8452813043216,0.8491813397203617,-0.4474281040180419,0.0,7,13,15,46953.47497558594
13289,0.5100393906554059,3.95694402426613e-05,0.5,22.28380259402444,4256.261258583759,5.193820284575282,118.28218419259271,163289.77583201634,14.625426299820045,0.03624269553300125,9.656179321037708e-06,1619.2926885839754,0.8491813397203617,-0.4474281040180419,0.0,7,13,15,47047.33680033684
13314,0.5110295756254003,3.960664037454405e-05,0.5,22.29686927879912,4149.605684113764,5.193182801262892,118.11204636799276,163550.5766303969,15.3721794332345,0.03805976401090773,1.1774249174164908e-05,1623.4543701371913,0.854240603939678,-0.4394039266802071,0.0,7,13,15,47136.81851887703
13339,0.5120178992717282,3.952210941071266e-05,0.5,22.366966283697977,4038.3649280188,5.1924886111981925,117.94146805158456,163712.29743930543,15.970243453715444,0.03951828733277853,1.24575536258107e-05,1627.5005526228958,0.854240603939678,-0.4394039266802071,0.0,7,13,15,47226.9343290329
13364,0.513008100050832,3.9719409530516436e-05,0.5,22.37418673736127,4151.087035036961,5.191879009604194,117.76998288613449,163749.82392809517,16.530759553299436,0.0408979295424277,1.4044154869649096e-05,1631.555153480021,0.6673661395915248,0.6997740858702762,0.0,7,13,15,47317.03543925285
13389,0.5140050861461667,4.0033123649192876e-05,0.5,22.341683411377716,4260.134390445944,5.19123750712102,117.5970361258666,163663.43979392597,16.786655634543035,0.04154055188222631,1.6587739662891705e-05,1635.748088883015,0.6673661395915248,0.6997740858702762,0.0,7,13,15,47407.665546417236
13414,0.5150099162013426,4.033270841800707e-05,0.5,22.30344854127571,4356.386175946107,5.190599146645503,117.4229322898249,163460.3476314811,16.61340681806323,0.04113777566726248,1.36671377666242e-05,1640.0771583010912,0.6673661395915248,0.6997740858702762,0.0,7,13,15,47497.52294373512
13439,0.5160157374276805,4.0102649115097234e-05,0.5,22.285450218004627,4430.836155625004,5.189969080548148,117.2491662618346,163149.98002485625,16.29636995273407,0.040392124695585084,1.6228562855398226e-05,1644.4963456719133,0.6678641861318396,0.6991003882223843,0.0,7,13,15,47587.38467645645
13464,0.5170162695225694,4.0007908367193345e-05,0.5,22.22077925730191,4475.595497226203,5.189326094259158,117.07691158196542,162724.93301247404,16.023124917273687,0.039767557751502945,1.4193724347661277e-05,1648.9519310317194,0.6678641861318396,0.6991003882223843,0.0,7,13,15,47676.91642379761
13489,0.518017189566228,4.003715772700503e-05,0.5,22.20047592687144,4501.623791441543,5.188680466352984,116.90509253685833,162154.84417004418,16.35874036821827,0.04067029081896741,1.246375095853e-05,1653.4446703928925,0.6716641314390598,0.6943272119407238,0.0,7,13,15,47766.036039829254
13514,0.519017616897817,3.9985974572532326e-05,0.5,22.13313930020895,4508.757762967955,5.1880318612541245,116.73393829151074,161450.81575729896,16.356563965852718,0.04075333526742773,1.3998736196192472e-05,1657.9517863804308,0.6721658987803925,0.6936494563862933,0.0,7,13,15,47855.051565647125
13539,0.5200158053954462,3.986684736110793e-05,0.5,22.008800345688094,4493.426829852429,5.18734095261588,116.5641931949122,160635.69874029583,16.340984456255097,0.04081768041062395,1.1232185093224746e-05,1662.444724937475,0.6721658987803925,0.6936494563862933,0.0,7,13,15,47944.370332956314
13564,0.5210109703416762,3.976435008213905e-05,0.5,21.921932722216308,4470.22497341241,5.186743516713492,116.3959865503319,159721.4463556484,16.44058821158122,0.04118339778105933,1.0752247321420745e-05,1666.9048809698852,0.6721658987803925,0.6936494563862933,0.0,7,13,15,48034.00287055969
13589,0.5220053323526893,3.9821273032139314e-05,0.5,21.82379090694205,4451.362121173271,5.186157535370777,116.22898489812152,158722.86737914788,16.546732512869973,0.041579027296384664,1.020573214674718e-05,1671.3405246122857,0.6721658987803925,0.6936494563862933,0.0,7,13,15,48123.007781744
13614,0.5230047275634692,4.0174979393931676e-05,0.5,21.70796458379834,4438.73299519125,5.185538001569926,116.0621934238322,157648.91598956313,16.684463468363674,0.04206712674247141,9.199105720931061e-06,1675.7828838536218,0.6721658987803925,0.6936494563862933,0.0,7,13,15,48211.54585790634
13639,0.5240171224500553,4.080940470101821e-05,0.5,21.59022244887122,4427.416519024217,5.184909537028928,115.89435061926157,156493.15500781618,16.380624204939952,0.041454704351945794,8.990429982649443e-06,1680.2709060695715,0.6781582621399325,0.6860658116553565,0.0,7,13,15,48299.67842173576
13663,0.5250054183090404,4.1564499965567716e-05,0.5,21.465977267596045,4459.5853828782565,5.184287625099387,115.73171901181874,155290.83178241234,15.922207403381755,0.04045234214374026,1.037814791879379e-05,1684.662399658793,0.6034001738212695,0.7800194495609182,0.0,7,13,15,48384.22183799744
13687,0.5260167799716924,4.274313594289362e-05,0.5,21.35438482194376,4584.080530685985,5.183650332182488,115.5664565299725,153988.73997173057,15.56465076623641,0.039712412067295734,9.260364619700107e-06,1689.2356081561989,0.6068292836353156,0.7757514941440615,0.0,7,13,15,48470.67456698418
13710,0.527000477692453,4.2712413579870174e-05,0.5,21.255661358392945,4667.836915217673,5.183005517069985,115.40698285693892,152652.27845429996,15.406437709257851,0.0394813152036161,8.730105731259212e-06,1693.786153208299,0.6068292836353156,0.7757514941440615,0.0,7,13,15,48552.186321258545
13734,0.52802509823411,4.2614872900724314e-05,0.5,21.131036513673322,4692.966948101811,5.182376658097102,115.24240756859983,151205.35217049648,15.017396152871475,0.038669839475419264,8.400076837972609e-06,1698.5817891706893,0.6068292836353156,0.7757514941440615,0.0,7,13,15,48636.93490958214
13757,0.5290039453086999,4.2533820735339047e-05,0.5,20.985552607522983,4676.15695347254,5.181765952933926,115.0867664743843,149765.60724743476,14.825593056871424,0.038360064723296707,7.825814226873877e-06,1703.1672589319521,0.6073171867264432,0.7751727313872669,0.0,7,13,15,48719.908979177475
13781,0.5300253669776589,4.260398569326272e-05,0.5,20.84890040124384,4626.64716437588,5.18111367395628,114.92599401032969,148214.64339313007,14.78300971316203,0.038450036262970756,7.3630002844517805e-06,1707.918301785978,0.6073171867264432,0.7751727313872669,0.0,7,13,15,48805.95538806915
13804,0.5310071797365017,4.2778043146874226e-05,0.5,20.723176904704072,4557.797526606912,5.180457138988441,114.7730082586438,146684.2915598729,14.637539861016885,0.03827071482510793,7.54801038946295e-06,1712.4270042762244,0.6073171867264432,0.7751727313872669,0.0,7,13,15,48888.00032377243
13828,0.5320369796174067,4.303907137632883e-05,0.5,20.591435248669896,4471.133958341932,5.1798014115283975,114.61412925554609,145028.28368895783,14.468536652366966,0.03804530769764502,6.701443691987181e-06,1717.0760005601742,0.6073171867264432,0.7751727313872669,0.0,7,13,15,48975.06289720535
13851,0.5330297605927033,4.327322206860413e-05,0.5,20.469875989495854,4390.258517291654,5.179088299082283,114.46253076736934,143385.03217819383,14.31632685511709,0.03786122376599124,6.88991668495872e-06,1721.474711492397,0.6092412390239486,0.7727294377450907,0.0,7,13,15,49060.73989653587
13874,0.5340280410988009,4.352906176949047e-05,0.5,20.353111570673374,4311.514069193462,5.178477383578944,114.31173444857569,141687.28059309185,13.962826467594011,0.037148746654443884,6.647892765342913e-06,1725.818116463188,0.6092412390239486,0.7727294377450907,0.0,7,13,15,49142.61366391182
13897,0.5350326246170408,4.382047563263718e-05,0.5,20.257665023570635,4222.7212579141415,5.177802269184904,114.16167911374464,139947.15031407072,13.776703339399802,0.03688196670463509,6.799070579596634e-06,1730.1047925383848,0.6092412390239486,0.7727294377450907,0.0,7,13,15,49224.541576862335
13919,0.5360004558577326,4.415120986033673e-05,0.5,20.171097049759098,4129.830297085639,5.177126633696165,114.01870057790465,138250.7304937801,13.736941981453587,0.03700117446984239,6.11473595143738e-06,1734.1467227055934,0.6098819962603698,0.7719316643866266,0.0,7,13,15,49302.719703912735
13942,0.5370204366536376,4.453289008442344e-05,0.5,20.05130069654656,4024.866388989115,5.176426562857438,113.869655924454,136447.77170366517,13.579961644758587,0.036820411155214054,5.79501218482502e-06,1738.3055397137068,0.6098819962603698,0.7719316643866266,0.0,7,13,15,49384.64090895653
13964,0.5380047047516601,4.493312107055517e-05,0.5,19.97806052210618,3916.0996111441236,5.175754764571619,113.727417049992,134707.91869787505,13.315125026149202,0.03633631379827046,6.042684940604463e-06,1742.2135594644128,0.6098819962603698,0.7719316643866266,0.0,7,13,15,49463.11109542847
13987,0.5390435094488291,4.5383182256575e-05,0.5,19.880808284137885,3794.155167484829,5.1750098201616845,113.57901976311902,132891.30036441033,13.129876608184697,0.03607618750091443,5.355020429465659e-06,1746.2182839046175,0.6098819962603698,0.7719316643866266,0.0,7,13,15,49545.35128712654
14008,0.5400013129543626,4.5819244324305094e-05,0.5,19.810740486873677,3676.0107853529407,5.174332127666626,113.44375779731814,131245.8842301598,12.977356294112454,0.035881109303949964,5.067980190911343e-06,1749.79575947289,0.6098819962603698,0.7719316643866266,0.0,7,13,15,49620.073782444
14030,0.5410148197986192,4.6299801174039605e-05,0.5,19.709860023929583,3549.7471149518556,5.173656778613305,113.30220483918829,129544.4876641951,12.722348164606496,0.035407844100649205,5.2303897880505405e-06,1753.45743701634,0.6112036719078447,0.7702445937934177,0.0,7,13,15,49698.395879507065
14052,0.5420391618779178,4.6802930807706265e-05,0.5,19.61629375286442,3424.042212208797,5.172961944937009,113.16068170268372,127875.94375834535,12.471602056355167,0.03493724603415126,5.030155644178211e-06,1757.029209946327,0.6112036719078447,0.7702445937934177,0.0,7,13,15,49776.83682560921
14073,0.5430274855675777,4.730226119711945e-05,0.5,19.524186900761208,3302.335507256769,5.172311009471136,113.0255507039081,126320.28418557032,12.220914733109739,0.034446644268497285,5.110054415553655e-06,1760.3531291692013,0.6112036719078447,0.7702445937934177,0.0,7,13,15,49853.295541763306
14094,0.5440264776115309,4.781775801853918e-05,0.5,19.385739629146578,3251.4387857886595,5.171620511079883,112.89037689051048,124803.57264033036,11.953093179875069,0.033897391570508424,5.014098610863119e-06,1763.62671335751,0.6830187458153572,0.6798072073488943,0.0,7,13,15,49930.65181660652
14115,0.5450364483916486,4.8346784714209154e-05,0.5,19.253329923255322,3205.8684805849043,5.1709479125634585,112.75513789396258,123326.58591377595,11.717353790781301,0.03342867642136364,4.560151433313015e-06,1766.8875591861492,0.6830187458153572,0.6798072073488943,0.0,7,13,15,50007.165179014206
14135,0.5460087689905723,4.8861135354688014e-05,0.5,19.121471380378335,3164.842595330233,5.170329057776805,112.62621164978415,121957.25916507971,11.478310762448508,0.03293142271541089,4.7590490825754814e-06,1769.9847459906011,0.6830187458153572,0.6798072073488943,0.0,7,13,15,50080.01343750954
14156,0.5470408227698036,4.9379882216502836e-05,0.5,18.985502537693705,3123.6227396544996,5.16963243037871,112.49066343318981,120552.79956292734,11.31393923579505,0.032649567961134565,4.829978818160209e-06,1773.2297631978693,0.6830187458153572,0.6798072073488943,0.0,7,13,15,50156.149863004684
14176,0.5480318207821825,4.970637933254281e-05,0.5,18.94020654416122,3085.761007338544,5.168959898636452,112.3617588487811,119243.50012990396,11.14816077610826,0.032348479592116154,4.668544520241702e-06,1776.3065066735533,0.6830187458153572,0.6798072073488943,0.0,7,13,15,50229.01926398277
14196,0.5490294785500681,5.004314122831556e-05,0.5,18.878715379578225,3048.9146200587943,5.16836434212801,112.23322146066964,117955.73506157695,10.957432843748146,0.03196938974718152,4.625103043307708e-06,1779.366660070119,0.6830187458153572,0.6798072073488943,0.0,7,13,15,50301.72856974602
14216,0.55,1.6517403420901466e-05,0.16393924895065864,18.797347304041303,3013.9473641635022,5.167725678577883,112.10946012419178,116728.57955394771,10.801467574214959,0.03168070541846068,1.599304045581256e-06,1782.3087288719512,0.6830187458153572,0.6798072073488943,0.0,7,13,15,50374.277930259705
