step,t,dt,cfl,max_velocity,max_vorticity,max_circulation,kinetic_energy,enstrophy,div_u_l2,div_u_rel,div_u_weak,bkm_integral,r_at_max_vorticity,z_at_max_vorticity,bc_residual,iters_momentum,iters_pressure,iters_projection,wall_time
1,0.00012289150088876064,0.00012289150088876064,0.5,25.19289593185436,353.0926711827635,5.748668806634466,175.67976184101624,19054.364448495395,1.3497470137581744,0.00991218929411785,0.00021870479794893445,0.0,0.5473032938192066,0.004959432706784954,0.0,8,12,16,3.148160696029663
9,0.0011019410745389735,0.00012198674196919138,0.5,25.17598559969541,363.6145179063026,5.747968953897099,175.6495865529301,19091.085096417075,5.371509681180208,0.039379149696037896,3.360509998764338e-05,0.35084593395484637,0.5531871300873955,-0.00326710759874139,0.0,8,12,16,10.261106729507446
17,0.002074246409423425,0.00012122015727087378,0.5,25.14163895516284,371.3298758873817,5.747397618185608,175.6197035619445,19167.234509317524,6.817474730007964,0.04985396114604379,2.296878819347785e-05,0.7081411114193555,0.5531871300873955,-0.00326710759874139,0.0,8,12,16,17.37500548362732
25,0.0030412551687954347,0.0001206381063029131,0.5,25.092971881585783,378.18910163847204,5.746639272381412,175.58996901669536,19273.836069999837,7.592204628131379,0.055345009275888424,1.8151427656792692e-05,1.070536819710882,0.5690652447471425,0.030727013761707212,0.0,8,12,16,24.467675924301147
33,0.004004595964700334,0.00012027953931877211,0.5,25.01443665950719,383.59885507265807,5.74594242307205,175.56029002667933,19406.953349882955,8.058507524654337,0.05852594363816288,1.5037778511526355e-05,1.4374675279753155,0.5690652447471425,0.030727013761707212,0.0,8,12,16,31.567354679107666
42,0.005086113109598093,0.00012010811119938832,0.5,24.94534355580335,389.2535369673237,5.745397643195471,175.52685076572538,19584.96932742888,8.382514237879974,0.06058644188289615,1.283852613109563e-05,1.855394084208558,0.5785886987251789,0.019799483292978134,0.0,8,12,16,39.52445125579834
50,0.006046950542802099,0.00012012443149679621,0.5,24.873644533170303,396.0334618700066,5.744836624995516,175.49699818815853,19766.399159460856,8.567969025643595,0.06163010589479558,1.1731959782129024e-05,2.2326606563542266,0.5785886987251789,0.019799483292978134,0.0,8,12,16,46.624860763549805
58,0.007008528529166521,0.00012026929833023535,0.5,24.781534789970596,393.05677867287886,5.743142279221443,175.46695446345296,19968.803425348284,8.689749349199037,0.062177675301356844,1.087760928372868e-05,2.6120465586347494,0.5785886987251789,0.019799483292978134,0.0,8,12,16,53.71260166168213
67,0.008092359041100632,0.00012057156583441788,0.5,24.667641813184805,403.6091995368185,5.74278531611759,175.43285336913965,20221.18007403052,8.769965535782646,0.06234761666728368,1.1044710334785256e-05,3.043772006136502,0.8346940140072951,0.46983491167956704,0.0,8,12,16,61.66967296600342
75,0.009058551874649419,0.00012094354825599502,0.5,24.562169362147436,434.6169839372997,5.740722757179597,175.4022087630718,20467.005610738695,8.804516115561116,0.062206856804057874,1.1345580100024937e-05,3.448716071819324,0.8359679531277637,0.46798299597975973,0.0,8,12,16,68.77270436286926
83,0.010027685881931533,0.00012114318438465228,0.5,24.46199581476585,465.3196907613547,5.74093885047163,175.37121932525704,20732.72066476132,8.81852578161723,0.06189619789056132,1.1073877493624303e-05,3.8847956897447475,0.8359679531277637,0.46798299597975973,0.0,8,12,16,75.85956573486328
92,0.011114279412692647,0.0001204308709432525,0.5,24.375707600801288,499.3409902297507,5.737203380655872,175.3362372569335,21052.807190345215,8.84232851111339,0.06157900107988891,1.1069247601795356e-05,4.408892717417021,0.7979603346117137,0.5247615437047314,0.0,8,12,16,83.80992293357849
100,0.012075435954454925,0.00011994006082367206,0.5,24.296446331699684,529.8958189838162,5.737738265234826,175.3050805651395,21354.96356001587,8.879062838804497,0.061385814542769784,1.1136446209152938e-05,4.903521563516097,0.7979603346117137,0.5247615437047314,0.0,8,12,16,90.88104724884033
108,0.013032934265096439,0.00011934418981905342,0.5,24.2154507564423,559.8387434345493,5.735298381325002,175.27381394581846,21673.4672339165,8.911421070397628,0.061145233184342805,1.0691506775422667e-05,5.425231064797725,0.7979603346117137,0.5247615437047314,0.0,8,12,16,97.9571692943573
117,0.01409758076118227,0.00011748484660929622,0.5,24.12859424062446,592.5876814022254,5.733121842257756,175.2388485094511,22047.805704997518,8.94020424475521,0.06080887002610914,1.0373341574531538e-05,6.038694442397322,0.7979603346117137,0.5247615437047314,0.0,8,12,16,105.90127658843994
125,0.015030692848041963,0.0001160043215492333,0.5,24.07033714740034,620.8490229494586,5.731067025974829,175.20803867051183,22392.81385244106,8.963948627645626,0.060489391665898284,1.0027899165024663e-05,6.604830670132196,0.7979603346117137,0.5247615437047314,0.0,8,12,16,112.97196435928345
134,0.016067188448181117,0.00011452389854058566,0.5,24.010869293492107,651.7894943045674,5.7301789713582005,175.17360517994615,22793.873182634103,8.986780753027684,0.060097240055551136,9.996265136598185e-06,7.264372781982903,0.7979603346117137,0.5247615437047314,0.0,8,12,16,120.92282462120056
143,0.01709128588043379,0.00011322612746010871,0.5,23.961139006092534,681.9167951555041,5.727922286399252,175.1393327350815,23207.86363562981,9.006406101452725,0.05967885693110442,9.470355442666576e-06,7.947295375190553,0.7979603346117137,0.5247615437047314,0.0,8,12,16,128.89254546165466
152,0.018104535265816738,0.00011209146022428011,0.5,23.920650698462005,711.3044226690595,5.725669076449741,175.10514509162613,23634.334109285996,9.020537252201441,0.05922113327521176,8.959196089404847e-06,8.653135646522164,0.7979603346117137,0.5247615437047314,0.0,8,12,16,136.8430380821228
161,0.019108288362054252,0.00011109626846867399,0.5,23.886366165896014,740.0087020546835,5.723910098215354,175.0709763977479,24072.643783333606,9.039429914274496,0.05879295598195622,8.50672832188847e-06,9.381515667797963,0.7979603346117137,0.5247615437047314,0.0,8,12,16,144.7957444190979
170,0.02010367586163521,0.00011021562826126982,0.5,23.867808746292056,768.0781010992721,5.720979297840572,175.03676860323287,24522.106652167786,9.068801508848694,0.0584315270148506,8.078643350138494e-06,10.13208104386919,0.7979603346117137,0.5247615437047314,0.0,8,12,16,152.7513518333435
179,0.021091607214061458,0.00010942548084724207,0.5,23.8511667494123,795.559354170926,5.719619771607671,175.00247537272537,24982.309293837265,9.103527719622505,0.058103274519272226,8.500252217680535e-06,10.904464276813902,0.7979603346117137,0.5247615437047314,0.0,8,12,16,160.7331600189209
188,0.022072785334652168,0.00010870389640558015,0.5,23.83547089534244,822.494745792588,5.717691227102059,174.96806350702812,25452.738539278238,9.140450200937831,0.05778829953777459,8.02323357700795e-06,11.69826391722205,0.7979603346117137,0.5247615437047314,0.0,8,12,16,168.68906021118164
197,0.02304772923260968,0.00010803169851179656,0.5,23.827774695345607,848.9138558706546,5.716891883628252,174.93350900898542,25932.752047117814,9.17896531406437,0.05748347663786764,7.3035040198945234e-06,12.513028725814689,0.7979603346117137,0.5247615437047314,0.0,8,12,16,176.64306735992432
206,0.024016800303493267,0.00010739272215396425,0.5,23.821836309104505,874.8294310316495,5.7143633495760335,174.89879206034672,26421.669596546057,9.215534548457006,0.0571676340081777,6.77375905184755e-06,13.348243602298092,0.7979603346117137,0.5247615437047314,0.0,8,12,16,184.60525560379028
216,0.025086935272494993,0.0001067057730430844,0.5,23.814044876814556,903.0370580358586,5.71167179524291,174.86000838273452,26974.3793362151,9.248842628697012,0.05677458521259624,6.896061450470651e-06,14.299522152381826,0.7979603346117137,0.5247615437047314,0.0,8,12,16,193.44953322410583
225,0.026044239765385332,0.00010609689249426374,0.5,23.814012733084482,927.9027918507343,5.709583055572762,174.8249040544066,27479.298378568783,9.275009628261913,0.05640215759939788,7.1593574818061965e-06,15.175905624636025,0.7979603346117137,0.5247615437047314,0.0,8,12,16,201.402352809906
235,0.027101492393984048,0.00010542057395552132,0.5,23.819838590428414,954.9797316443504,5.710182002993149,174.78567422226396,28047.683612842753,9.309716757468076,0.05602849573317319,7.154897279587202e-06,16.171246873289906,0.7979603346117137,0.5247615437047314,0.0,8,12,16,210.2295422554016
244,0.028047207269637324,0.00010480513822587016,0.5,23.823284589968583,978.8887138136574,5.7058433288223585,174.75016614517097,28565.29977802425,9.351803150145797,0.05576228304891884,7.063532380835849e-06,17.08569095150296,0.7979603346117137,0.5247615437047314,0.0,7,12,16,218.07257771492004
254,0.02909143645155719,0.00010410764511520945,0.5,23.824951295136067,1004.9820077683966,5.70751419675127,174.7104926013478,29146.495859320807,9.407688068534663,0.05552551290582905,6.980508643154104e-06,18.12149880181916,0.7979603346117137,0.5247615437047314,0.0,7,12,16,226.59540557861328
263,0.030025197909200937,0.0001034636776065466,0.5,23.82220860557542,1028.0620049237248,5.703202358895794,174.67459147131936,29674.163460158405,9.457837046029095,0.055316146132877386,6.832413670934812e-06,19.070687872191805,0.7979603346117137,0.5247615437047314,0.0,7,12,16,234.271502494812
273,0.031055803067972693,0.0001027271913371697,0.5,23.81694982083395,1053.2688876720638,5.703603852179829,174.63448842098188,30264.34781008254,9.504674697008861,0.055038291763893514,6.621360462135824e-06,20.143203049701928,0.7979603346117137,0.5247615437047314,0.0,7,12,16,242.80500745773315
283,0.03207891378315227,0.0001019669801600153,0.5,23.819008093243255,1078.0258140270657,5.701058473531388,174.59416823996128,30857.64336611023,9.534741010025376,0.05467256582905567,6.520851906569017e-06,21.23347827295885,0.7979603346117137,0.5247615437047314,0.0,7,12,16,251.3570854663849
293,0.03309428873721346,0.00010118244791864629,0.5,23.81548779932823,1102.3524467802542,5.70183468775095,174.55364318247084,31453.448151833833,9.553375943049994,0.05425214339022435,6.967864541620506e-06,22.340429011160474,0.7979603346117137,0.5247615437047314,0.0,7,12,16,260.15513467788696
302,0.03400131153164194,0.00010045574086650367,0.5,23.806731627896063,1123.9016190839645,5.6987458058327425,174.51701026279915,31991.221479352436,9.580909199389822,0.053943952765960486,7.213103231083054e-06,23.350060603124433,0.7979603346117137,0.5247615437047314,0.0,7,12,15,267.82923793792725
312,0.03500132484003193,9.962612398739481e-05,0.5,23.803196331421688,1147.4894380443595,5.697053003738167,174.4761480339161,32589.75463591377,9.63648675436365,0.05375028881402093,7.084156566620941e-06,24.485771245967605,0.7979603346117137,0.5247615437047314,0.0,7,12,15,276.1630308628082
323,0.036091607971529785,9.868823926717109e-05,0.5,23.789966369109894,1173.2413249748279,5.696344504389542,174.43102576260196,33248.966208581616,9.71426900096742,0.05363768912564115,6.666614526761613e-06,25.750898047801584,0.7845584938417499,0.5439743325073378,0.0,7,12,15,285.3312692642212
333,0.037073701881583154,9.78148364560013e-05,0.5,23.78430730778524,1197.370281715198,5.695261369513505,174.3898598675701,33848.941931470865,9.778195810580545,0.053504369177086335,6.542216563915732e-06,26.91497965881764,0.7845584938417499,0.5439743325073378,0.0,7,12,15,293.66901302337646
343,0.038046965938654365,9.692447740712812e-05,0.5,23.770295973526405,1221.2783914173783,5.694080083055016,174.34856703251464,34449.466508884274,9.820990483757601,0.05326298620742829,6.595879049566579e-06,28.091971568939094,0.7845584938417499,0.5439743325073378,0.0,7,12,15,302.06394696235657
353,0.03901119662859025,9.601005191367134e-05,0.5,23.754315038618458,1244.9789996547,5.693912645898151,174.3071610814846,35050.45149470557,9.835070628901862,0.052875635960010284,6.563138021779039e-06,29.280992101815546,0.7845584938417499,0.5439743325073378,0.0,7,12,15,310.4231560230255
364,0.04006120780396974,9.49919260831938e-05,0.5,23.731335951508406,1270.8217132144748,5.693525642282249,174.26149597172258,35711.82454227628,9.819036597611618,0.05229412537253271,6.61760094691822e-06,30.601801533585707,0.7845584938417499,0.5439743325073378,0.0,7,12,15,319.62779450416565
374,0.04100593085887178,9.404716866149824e-05,0.5,23.710990691835047,1294.116730693511,5.692371229309018,174.21988466218357,36312.98863837966,9.790378694024074,0.05170465440105013,6.575389751603179e-06,31.81337977476793,0.7845584938417499,0.5439743325073378,0.0,7,12,15,328.0234122276306
385,0.042034229622279776,9.301067822916926e-05,0.5,23.69046678139333,1319.5342438923612,5.691436388587138,174.17401427218144,36974.222580693524,9.759540483905948,0.051075212668914294,6.235767597421468e-06,33.157186807341304,0.7845584938417499,0.5439743325073378,0.0,7,12,15,337.18993496894836
396,0.043051131982300025,9.197792017454298e-05,0.5,23.662193709721098,1344.748051254263,5.690216875798396,174.12804766271168,37635.83404716496,9.71463230308018,0.050388067108680906,6.089396352665601e-06,34.51184428418869,0.7845584938417499,0.5439743325073378,0.0,7,12,15,346.3581750392914
407,0.044056821535051895,9.097160556910996e-05,0.5,23.62109996028147,1369.7739991836488,5.689389875137036,174.0819856004442,38298.25219380415,9.639605186411998,0.04956187747843131,5.9101480837783974e-06,35.87682751760869,0.7845584938417499,0.5439743325073378,0.0,7,12,15,355.5067229270935
418,0.045051665036336334,9.000454560651823e-05,0.5,23.56992696113737,1394.6302118553435,5.688232819831837,174.03581986633742,38961.86792824041,9.550176090489574,0.0486796458105809,5.696813787615561e-06,37.251902299746426,0.7845584938417499,0.5439743325073378,0.0,7,12,15,364.6754620075226
429,0.04603617599234176,8.90904756480831e-05,0.5,23.54034837256215,1419.3361172920331,5.687599384341381,173.98953109429587,39627.463652301514,9.480146788998594,0.0479125233817017,5.424521531105158e-06,38.63709264018441,0.7845584938417499,0.5439743325073378,0.0,7,12,15,373.8291873931885
440,0.04701102322770059,8.824380669507961e-05,0.5,23.49082793831361,1443.912810644104,5.686155484689083,173.94308834649004,40296.157912973336,9.448418897925464,0.04735130946244452,5.325380091683562e-06,40.03270779095574,0.7845584938417499,0.5439743325073378,0.0,7,12,15,382.97157406806946
452,0.04806445195927198,8.741461016549155e-05,0.5,23.42987990973,1470.6037605865963,5.684260326417592,173.89220134665212,41030.52882562192,9.434939949133653,0.04685528377934946,5.101015960001839e-06,41.56782553834343,0.7845584938417499,0.5439743325073378,0.0,7,12,15,392.93756461143494
463,0.04902197444909441,8.675783947126833e-05,0.5,23.378048015861786,1496.7603543998823,5.683785373393972,173.84530066873714,41709.5334291384,9.416721729832682,0.04637959069658444,5.157841790443849e-06,42.98848447613922,0.7651681954664004,0.5708599335245813,0.0,7,12,15,402.0842649936676
475,0.05005912576583233,8.617402032998516e-05,0.5,23.311947796493193,1526.876405624918,5.6807275215206365,173.79378676994622,42458.06345979923,9.396699293897393,0.04586797721948228,5.397001077613917e-06,44.55646889963767,0.7651681954664004,0.5708599335245813,0.0,7,12,15,412.0447783470154
486,0.05100454095494678,8.577931113293557e-05,0.5,23.246491255204297,1554.644044288843,5.679653122112276,173.74615976359362,43152.877789986065,9.387203387846274,0.04544823110019301,5.292384328656131e-06,46.01312701909531,0.7651681954664004,0.5708599335245813,0.0,7,12,15,421.1971364021301
498,0.05203203807714828,8.552346710339976e-05,0.5,23.18709613824656,1585.170155480208,5.679187527114686,173.69364436347328,43922.3699498416,9.377489579330394,0.04499849341663774,4.854025338261875e-06,47.62620204635035,0.7651681954664004,0.5708599335245813,0.0,7,12,15,431.2034583091736
510,0.0530577462073576,8.546367148447889e-05,0.5,23.107062283036882,1616.0092406251774,5.677168105568035,173.64040750474544,44706.480054562286,9.35445339018274,0.044489464410505004,4.579485580749115e-06,49.267939912772285,0.7651681954664004,0.5708599335245813,0.0,7,12,15,441.19504976272583
522,0.054083914975842126,8.558123568143343e-05,0.5,23.015777307894805,1647.2317145427783,5.67508089248731,173.58630337733103,45507.728778326826,9.330922927006181,0.04398205602744092,4.3714010713672535e-06,50.94225788888877,0.7651681954664004,0.5708599335245813,0.0,7,12,15,451.1411099433899
533,0.05502679551452187,8.584841628836997e-05,0.5,22.93862704091608,1676.2478523273085,5.6731146252186715,173.53582068947554,46259.399102468065,9.322198387089006,0.043579520022039415,4.693561506488972e-06,52.50907999103957,0.7651681954664004,0.5708599335245813,0.0,7,12,15,460.27969336509705
545,0.056059317580211314,8.624093107884613e-05,0.5,22.854215962491725,1708.383991549127,5.6713872444482325,173.47966399279542,47100.3196183147,9.331115047434658,0.04322665745394556,4.677219034842559e-06,54.256433522558346,0.7651681954664004,0.5708599335245813,0.0,7,12,15,470.2547605037689
556,0.05701115629306323,8.680123667306365e-05,0.5,22.77106826655138,1738.3439489182113,5.668464880563927,173.42705822714967,47892.872539628,9.351071876721527,0.04295595658590419,4.5795890008425505e-06,55.896798065760926,0.7651681954664004,0.5708599335245813,0.0,7,12,15,479.42466473579407
568,0.058057876719563216,8.761686232473622e-05,0.5,22.78151505968125,1771.6611996957365,5.665826406153413,173.36825079535393,48784.50743971409,9.37643872322297,0.04267348222259801,4.56609203405586e-06,57.7337951088481,0.7651681954664004,0.5708599335245813,0.0,7,12,15,489.43165397644043
579,0.05902695485784707,8.851792964019427e-05,0.5,22.801578776623867,1802.8527952791017,5.663704495059202,173.31288550425265,49629.43186206971,9.39795783279044,0.042402488995085544,4.572803616804793e-06,59.465786792608,0.7651681954664004,0.5708599335245813,0.0,7,12,15,498.60337924957275
590,0.06000659425740118,8.951970022510587e-05,0.5,22.82726943059761,1834.7212847447167,5.661425660595538,173.25599524009908,50503.211001328695,9.41597664755766,0.04211138893885685,4.9046333432696495e-06,61.24754223640206,0.7651681954664004,0.5708599335245813,0.0,7,12,15,507.8083209991455
602,0.06108825965548231,9.066623573230038e-05,0.5,22.882189828475028,1870.3008741646433,5.659526093695958,173.19208175337906,51491.580566871155,9.434871510279676,0.04178536052931718,4.868233192568559e-06,63.25133937061012,0.7651681954664004,0.5708599335245813,0.0,7,12,15,517.8443262577057
612,0.062000177469570865,9.161841878781567e-05,0.5,22.918299062445083,1900.615253906145,5.656473738374452,173.13728929558616,52344.63110283452,9.45035739060446,0.04150847993896243,4.8419278332409705e-06,64.97072216692091,0.7651681954664004,0.5708599335245813,0.0,8,12,15,526.5462222099304
623,0.063014065214859,9.262373566995586e-05,0.5,22.946005266980873,1934.659622474415,5.654105501395566,173.07538389533877,53315.04321600067,9.4615385805895,0.04117435441512894,4.6948707413006766e-06,66.91499126540776,0.7651681954664004,0.5708599335245813,0.0,8,12,15,536.0684173107147
634,0.06403470381751088,9.265615313692202e-05,0.5,22.962100459800595,1969.2908392044292,5.650998203343712,173.01204376925386,54315.90689369254,9.467337588746403,0.04081498424241818,4.98492870400758e-06,68.90725253742279,0.7651681954664004,0.5708599335245813,0.0,8,12,15,545.5572755336761
645,0.06505158205396998,9.226582989762013e-05,0.5,22.964131741226204,2004.152038325591,5.647996305075367,172.9479897063009,55337.578576705484,9.47866827804539,0.040481592354805994,5.1210051052116904e-06,70.92750633040964,0.7651681954664004,0.5708599335245813,0.0,8,12,15,555.0625376701355
656,0.06606414312385137,9.187109341347928e-05,0.5,22.99283613037749,2039.2172618565373,5.647756829036785,172.88325958846207,56379.89130947395,9.500431391960445,0.040194441544079446,5.14902532424931e-06,72.97458550266863,0.7651681954664004,0.5708599335245813,0.0,8,12,15,564.5403370857239
667,0.0670723229370145,9.146961464649994e-05,0.5,23.006002892476385,2074.477904286702,5.643861812020562,172.81785723027932,57442.82660698736,9.535639657067009,0.03996505773530589,5.036089024480865e-06,75.04825771467482,0.7651681954664004,0.5708599335245813,0.0,8,12,15,573.9932119846344
678,0.06807604314335608,9.106102221124248e-05,0.5,23.006000000864702,2109.9254748438902,5.642156673385178,172.75178615686562,58526.18930882266,9.578074616764782,0.03976629686945872,4.680367980766409e-06,77.1482428262335,0.7651681954664004,0.5708599335245813,0.0,8,12,15,583.5000257492065
689,0.06907523463602429,9.064718707943606e-05,0.5,22.99625360539757,2145.5520560981086,5.639519884950426,172.6850456121955,59630.08552474197,9.625976395334218,0.03959019904547284,4.896553279400357e-06,79.27426129931247,0.7651681954664004,0.5708599335245813,0.0,8,12,15,592.9865798950195
700,0.07006986238463926,9.023220294124974e-05,0.5,22.975502346395185,2181.3513943327303,5.638379442131927,172.6176317074727,60754.47248514434,9.699125005919967,0.039516754958482524,5.2122369791065045e-06,81.42609041800067,0.7651681954664004,0.5708599335245813,0.0,8,12,15,602.4850196838379
711,0.0710599482604792,8.98220766764589e-05,0.5,22.967647531455867,2217.3198308692754,5.636564695042498,172.54953664329025,61899.142695163355,9.796221537886472,0.039538049296136996,4.996644752771327e-06,83.60362154426872,0.7651681954664004,0.5708599335245813,0.0,8,12,15,611.9581038951874
722,0.07204558915196031,8.942421890378436e-05,0.5,22.965748096655,2253.4569293585673,5.6351915651003495,172.48074369839034,63064.050260919415,9.89338716088318,0.039556216323325476,4.780589447647037e-06,85.80691174005071,0.7651681954664004,0.5708599335245813,0.0,7,12,15,621.2809839248657
733,0.07302696891371777,8.9046861031061e-05,0.5,22.95702370013867,2289.7662082823363,5.634240792045941,172.4112291734423,64249.22091142942,9.987760480008555,0.03956010029554434,4.949618024192933e-06,88.03622536026519,0.7651681954664004,0.5708599335245813,0.0,7,12,15,630.4550428390503
744,0.07400436405422524,8.869850871378136e-05,0.5,22.93658400246545,2326.255642631328,5.632883529578765,172.3409628744348,65454.642557095736,10.095624795274796,0.039613976558668586,4.784545527165896e-06,90.29206402304486,0.7651681954664004,0.5708599335245813,0.0,7,12,15,639.5905954837799
756,0.07506650536854703,8.836136485837777e-05,0.5,22.902092319388743,2366.2825579149417,5.632102042929634,172.26340459765038,66792.8293220409,10.23256986450852,0.03974326932400352,4.639797972279172e-06,92.78413336896158,0.7651681954664004,0.5708599335245813,0.0,7,12,15,649.5428495407104
767,0.07603686773091682,8.810012525254403e-05,0.5,22.863039424557662,2403.1941681904696,5.63110474852148,172.19142786699612,68040.97510987072,10.364954208639006,0.03988301640917947,4.71096919100195e-06,95.09819372056727,0.7651681954664004,0.5708599335245813,0.0,7,12,15,658.6756262779236
778,0.07700466987484779,8.78921950808283e-05,0.5,22.828626683800213,2440.33832400838,5.630150104090474,172.11854978288002,69310.04792513562,10.492918268657037,0.04000065992887683,4.856712603388499e-06,97.44198428564194,0.7651681954664004,0.5708599335245813,0.0,7,12,15,667.8111824989319
790,0.07805827395192896,8.773420855618304e-05,0.5,22.7919665715664,2481.1538292196465,5.628621236979872,172.03794583248356,70718.9723030107,10.62124681188088,0.04008092929282684,5.397789885618929e-06,100.03463638462397,0.7651681954664004,0.5708599335245813,0.0,7,12,15,677.7694928646088
801,0.07902283785733569,8.765947494411611e-05,0.5,22.75120459956163,2522.217128488851,5.628211852604835,171.96297605814817,72033.56696828562,10.73141832625779,0.04012228306343383,5.853280186437914e-06,102.44767190020691,0.7093611333471395,0.6455682717487586,0.0,7,12,15,686.9086966514587
813,0.08007467693092031,8.766196534052784e-05,0.5,22.70196420305442,2572.992074857525,5.6269204087490845,171.8799145392608,73493.93783625065,10.845338593299548,0.040139975248949085,6.152890033124007e-06,105.12734196429076,0.7093611333471395,0.6455682717487586,0.0,7,12,15,696.857147693634
824,0.08103939834011041,8.774787281400918e-05,0.5,22.656845211695007,2620.030622664864,5.625704354692122,171.8025044093286,74857.80748705933,10.949551717908685,0.04015179864594738,6.220908054306495e-06,107.63225205164575,0.7093611333471395,0.6455682717487586,0.0,7,12,15,706.0129683017731
835,0.08200557669528265,8.792002117986744e-05,0.5,22.606539724575654,2667.548652603381,5.624772203465993,171.72376756709951,76246.67354479806,11.062078779282352,0.0401902846739106,5.939112416120245e-06,110.1866243751565,0.7093611333471395,0.6455682717487586,0.0,7,12,15,715.1550390720367
847,0.08306240974824891,8.821318093283744e-05,0.5,22.54947152760212,2719.93994314075,5.623998002464482,171.63622112927422,77791.48612413375,11.189416320780301,0.04024400688681165,5.7868161828622514e-06,113.0334623853871,0.7093611333471395,0.6455682717487586,0.0,7,12,15,725.1345365047455
858,0.08403489165246511,8.858466779718579e-05,0.5,22.499419023961387,2768.477288157564,5.623068614873844,171.55432013722154,79236.06530635242,11.303373838887136,0.04027867643338014,6.517454576254997e-06,115.70215560550008,0.7093611333471395,0.6455682717487586,0.0,7,12,15,734.2829856872559
869,0.08501203062792957,8.90375567484347e-05,0.5,22.446584193479897,2817.50435354113,5.6216107970305496,171.47069718150215,80709.31839357702,11.427091906639731,0.040343272296966146,6.927125450441942e-06,118.43129579466645,0.7093611333471395,0.6455682717487586,0.0,7,12,15,743.4646458625793
881,0.08608379286312799,8.954020477006989e-05,0.5,22.38754007451621,2871.5008402750736,5.620803290137331,171.3774002768987,82349.83512271379,11.581346592377717,0.04047531388217921,6.671025175489088e-06,121.47992625595639,0.7093611333471395,0.6455682717487586,0.0,7,12,15,753.4078328609467
892,0.08707153550115387,9.000512850696435e-05,0.5,22.32851150291596,2921.3945455937974,5.619009838230443,171.2899262165264,83884.07046934351,11.725653706367506,0.04060022542369609,6.640855424878967e-06,124.34087114107942,0.7093611333471395,0.6455682717487586,0.0,7,12,15,762.547390460968
903,0.08806471661422886,9.05420181985106e-05,0.5,22.266431573641437,2971.6112012385247,5.6173505410004525,171.20050981865978,85447.72078090864,11.86533393137983,0.04070336154639485,7.0557520482331416e-06,127.26728214457754,0.7093611333471395,0.6455682717487586,0.0,7,12,15,771.6826295852661
914,0.08906445182960726,9.118769483472156e-05,0.5,22.19919146354376,3022.1277227055293,5.615694643615204,171.10900563604645,87042.06716593828,11.99979216798256,0.040783071629925546,7.808670848152594e-06,130.2633580816031,0.7093611333471395,0.6455682717487586,0.0,7,12,15,780.8572068214417
925,0.09007196476380035,9.194648933232754e-05,0.5,22.127041080743144,3072.9193245253496,5.614033101089375,171.01523904757727,88668.0894904389,12.126649500794391,0.0408318580965922,8.27385686355392e-06,133.33377744890333,0.7093611333471395,0.6455682717487586,0.0,7,12,15,790.0490636825562
936,0.0910885196022014,9.282150801118639e-05,0.5,22.053767717981646,3123.9532939907026,5.612826337932021,170.9190090186738,90326.28431151016,12.24740516046547,0.04085554480491668,8.382063267545525e-06,136.4835078705571,0.7093611333471395,0.6455682717487586,0.0,7,12,15,799.281683921814
946,0.09202159149892082,9.371920290327203e-05,0.5,21.986155705496667,3170.521364064509,5.612345718667092,170.82921325294095,91862.43088793506,12.358049456687546,0.040876133772528696,8.549338183259382e-06,139.42010657457905,0.7093611333471395,0.6455682717487586,0.0,7,12,15,807.6458892822266
957,0.09305899514306715,9.481901271139304e-05,0.5,21.911600412397647,3221.8849931003924,5.610616808117362,170.72770254020946,93585.52038493323,12.4908972258311,0.04093079761147717,8.707017011088464e-06,142.73585939947256,0.7093611333471395,0.6455682717487586,0.0,7,12,15,816.8288159370422
967,0.09401315921934653,9.591934985388104e-05,0.5,21.838993087754353,3268.648656760469,5.607694087996989,170.63276351232386,95183.61099155531,12.633285993621056,0.04104590071870007,8.531393263562914e-06,145.8323764217624,0.7093611333471395,0.6455682717487586,0.0,7,12,15,825.185364484787
978,0.0950725741168214,9.610116210734214e-05,0.5,21.75413958065297,3319.9191071562445,5.606528373125749,170.52558375760688,96970.85805577268,12.82141719313852,0.04126858303849321,8.257312381495109e-06,149.32238984282046,0.7093611333471395,0.6455682717487586,0.0,7,12,15,834.3292188644409
988,0.09602880883490957,9.526356735668008e-05,0.5,21.674404080637377,3365.508153328489,5.603760215943968,170.42731417644276,98594.04301447407,13.015457689262487,0.041544155564423924,8.65650523455691e-06,152.5188086686847,0.7093611333471395,0.6455682717487586,0.0,7,12,15,842.6677737236023
999,0.0970724047400496,9.458580598886422e-05,0.5,21.583371027597494,3414.4054652216073,5.602353358387303,170.31840522313908,100374.91188463187,13.248069825852557,0.04190678008347476,9.723852312795682e-06,156.05655371344574,0.7093611333471395,0.6455682717487586,0.0,7,12,15,851.8114330768585
1009,0.0980159552450995,9.419966893655407e-05,0.5,21.49742857925037,3457.7460344145948,5.601000371217574,170.21842736802873,101992.80666528114,13.4799453443702,0.04229785294591396,1.0355676366943466e-05,159.2986647225763,0.7093611333471395,0.6455682717487586,0.0,7,12,15,860.1336758136749
1020,0.09905091713512172,9.403586054619011e-05,0.5,21.399782109979757,3504.223666966764,5.5989101659973235,170.1070926739122,103775.29804004791,13.768896803715933,0.04282855633223907,1.0297975428181618e-05,162.90135138278583,0.7093611333471395,0.6455682717487586,0.0,7,12,15,869.2776427268982
1031,0.10008574973870578,9.415160770174114e-05,0.5,21.30343015257558,3549.4694336267753,5.597053634493788,169.993997915408,105565.12693557143,14.102228600354879,0.043488356341253975,9.718822319462507e-06,166.55104718087088,0.7093611333471395,0.6455682717487586,0.0,7,12,15,878.4266347885132
1041,0.1010287093034122,9.442187967111658e-05,0.5,21.213934359127787,3589.5354350720227,5.593677272989182,169.88938819358074,107201.51869675264,14.443619694234023,0.04419636712741304,9.337398562562264e-06,169.91694364258353,0.7093611333471395,0.6455682717487586,0.0,7,12,15,886.7715511322021
1052,0.10206891908013892,9.469496069328951e-05,0.5,21.11106283281944,3632.349162429577,5.592186216736132,169.77228896968344,109009.46078602428,14.859117797855124,0.045084984675512446,9.8086971655312e-06,173.67308112494013,0.7093611333471395,0.6455682717487586,0.0,7,12,15,895.8894174098969
1062,0.10301662934561519,9.463987213074559e-05,0.5,21.01508046103725,3670.009420841219,5.590124294922996,169.66408927817113,110654.8523277064,15.274432535345921,0.04599519669270398,1.0591769825772086e-05,177.13334122071737,0.7093611333471395,0.6455682717487586,0.0,7,12,15,904.2120625972748
1073,0.10405422777065433,9.407537580514527e-05,0.5,20.906220158436902,3709.6857035093753,5.588599701916308,169.54406749839768,112451.63169434252,15.77443263333604,0.04711497504920527,1.0722020835456112e-05,180.96192123986498,0.7093611333471395,0.6455682717487586,0.0,7,12,15,913.35262799263
1084,0.1050859743744713,9.357053285485453e-05,0.5,20.794283378842678,3747.4469838463087,5.586154933690651,169.42320037916795,114234.3368983046,16.32438648464225,0.048370349152629825,1.0315339161239982e-05,184.80885690206085,0.7093611333471395,0.6455682717487586,0.0,7,12,15,922.4638953208923
1094,0.1060193920367304,9.316159348743832e-05,0.5,20.691033888541845,3780.085113128958,5.582311790659274,169.31261863538765,115843.60788803511,16.857650234169697,0.04959713071833114,1.026028938130001e-05,188.32202260833034,0.7093611333471395,0.6455682717487586,0.0,7,12,15,930.7508320808411
1105,0.10704173857169515,9.276467976393356e-05,0.5,20.783172357315006,3814.074019385208,5.580059691715874,169.19019433786835,117595.36383361142,17.43769641248921,0.05091436692115253,1.0590614996967093e-05,192.20395374587872,0.7093611333471395,0.6455682717487586,0.0,7,12,15,939.8826901912689
1116,0.10806004128284696,9.242112819548162e-05,0.5,20.910293976468875,3845.977965703191,5.576770477437895,169.06686896638843,119315.57501018638,17.95397111508019,0.05203712715660881,1.0620833299517262e-05,196.1040795978684,0.7093611333471395,0.6455682717487586,0.0,7,12,15,948.9995443820953
1127,0.1090748724430387,9.212839722559631e-05,0.5,21.029360232610635,3875.7092420617414,5.575353678377281,168.94250395795956,120992.54813515561,18.3817191385253,0.052901654965426495,1.0308838100399707e-05,200.0221839917153,0.7093611333471395,0.6455682717487586,0.0,7,12,15,958.1473913192749
1138,0.11008677275045474,9.188335486595706e-05,0.5,21.14951317030412,3903.204392532575,5.573899821116836,168.81692463803148,122620.39737999979,18.752598545150054,0.05360529835159581,1.0426871735420365e-05,203.9579265408197,0.7093611333471395,0.6455682717487586,0.0,7,12,15,967.2805128097534
1148,0.11100456385999552,9.169913305454118e-05,0.5,21.255334173538248,3926.2368701135674,5.573888254453069,168.7015444472067,124056.73039705394,19.095273821888444,0.054263973760229255,1.117928509091947e-05,207.5508223325839,0.7093611333471395,0.6455682717487586,0.0,7,12,15,975.5934872627258
1159,0.11201223983198902,9.15361874509665e-05,0.5,21.373585388054124,3950.3192039394507,5.571692193586416,168.5731082377341,125589.25648191289,19.526627805776066,0.055145302781891524,1.2193744917744398e-05,211.51933048152523,0.7275639387531777,0.6215731992138804,0.0,7,12,15,984.7300012111664
1170,0.11301836319849018,9.141300694774213e-05,0.5,21.472653212474732,3974.7622211379276,5.571094809653536,168.44293258383135,127072.58232020323,20.024047900694498,0.05621351815935144,1.2955759825184642e-05,215.50613528312257,0.7275639387531777,0.6215731992138804,0.0,7,12,15,993.846893787384
1181,0.11402336518494834,9.132866307174388e-05,0.5,21.56918876635575,3997.076473001751,5.571380564200287,168.3109469128135,128508.01065171766,20.571383930290914,0.05742051411717617,1.3603219453588622e-05,219.51199214478976,0.7275639387531777,0.6215731992138804,0.0,7,12,15,1002.9777362346649
1192,0.11502766896401029,9.12824460172732e-05,0.5,21.66348974246297,4017.14062120049,5.568713186025385,168.1771741243699,129897.98601325086,21.17836597440154,0.0587908070267395,1.470719447455537e-05,223.53634640175486,0.7275639387531777,0.6215731992138804,0.0,7,12,15,1012.1060869693756
1203,0.1160316868311356,9.127303875394526e-05,0.5,21.755197126880677,4034.8486050808147,5.567040045338917,168.0416719817643,131244.16756439002,21.899997855346143,0.0604732335370234,1.6795416925151004e-05,227.57851692629833,0.7275639387531777,0.6215731992138804,0.0,7,12,15,1021.2407031059265
1214,0.11703581118512559,9.129823774639201e-05,0.5,21.8497195072149,4050.136063921468,5.564227565201968,167.90442865904785,132544.6704597841,22.78309123032311,0.06259201601678292,1.972447818255076e-05,231.63768193018876,0.7275639387531777,0.6215731992138804,0.0,7,12,15,1030.3806357383728
1225,0.11804040693929259,9.135541891568091e-05,0.5,21.928031744020576,4062.972428421174,5.562872840782808,167.7653141177321,133794.5175912115,23.825426138522857,0.06513639482450938,2.18667101546394e-05,235.7128791024406,0.7275639387531777,0.6215731992138804,0.0,7,12,15,1039.547661781311
1236,0.11904581230464654,9.144246199944205e-05,0.5,21.985274694631645,4073.3308651662983,5.562156746172141,167.6242140690508,134993.61058000996,24.991848366997594,0.06800592734035962,2.1652858648447495e-05,239.80302059520056,0.7275639387531777,0.6215731992138804,0.0,7,12,15,1048.6642174720764
1247,0.12005234884893959,9.155839702988112e-05,0.5,22.032638722422377,4081.1617038789104,5.560699150859413,167.4812553107259,136150.90173167535,26.238990693256387,0.07107799935001799,2.4179535324540603e-05,243.9069179806556,0.7275639387531777,0.6215731992138804,0.0,7,12,15,1057.801784992218
1258,0.12106033345214266,9.170313997600866e-05,0.5,22.085917561213865,4086.3845629204425,5.558534263776523,167.33671609441672,137265.5254148029,27.578576569027387,0.07438262862785816,3.2702990977218965e-05,248.02329842209684,0.7275639387531777,0.6215731992138804,0.0,7,12,15,1066.9558336734772
1269,0.12207008270604097,9.187655824653561e-05,0.5,22.144667229141223,4088.8989284448467,5.556960957629847,167.19060497879002,138313.24470971135,29.043969964749675,0.0780137721113374,3.587259685221593e-05,252.15079162500348,0.7275639387531777,0.6215731992138804,0.0,7,12,15,1076.0856640338898
1280,0.12308190665730001,9.207754577689455e-05,0.5,22.193135050714172,4090.5740148926166,5.555499017055634,167.04264842867866,139278.0733588566,30.505470264107863,0.08162923876568436,3.48400778286152e-05,256.28888494137556,0.7497215479750967,0.5919024807258041,0.0,7,12,15,1085.2226479053497
1290,0.12400378996808317,9.228178873430772e-05,0.5,22.220230756510897,4093.6136173546683,5.555448190484497,166.90633930518956,140092.96342015333,31.662407016212974,0.08445638086138432,3.7935064052271444e-05,260.06131793661893,0.7497215479750967,0.5919024807258041,0.0,7,12,15,1093.5522317886353
1301,0.1250203351883883,9.252517534328086e-05,0.5,22.242422187419425,4094.4915728532105,5.554291506075476,166.75405106089914,140908.8644893195,32.74605236721328,0.08707189884644832,3.74815767313311e-05,264.2231075338496,0.7497215479750967,0.5919024807258041,0.0,7,12,15,1102.7098815441132
1312,0.12603826310992858,9.250380322963834e-05,0.5,22.254170837190046,4092.6601370585986,5.552695392747976,166.5992720605355,141615.40552309688,33.74278240962657,0.08947701271300841,4.2912815685732945e-05,268.39007269555236,0.7497215479750967,0.5919024807258041,0.0,7,12,15,1111.8442642688751
1323,0.12705498978864777,9.234939329993986e-05,0.5,22.284876916375616,4088.0305317551183,5.55098198821858,166.443197764834,142254.25589260054,34.56006547909268,0.09142016280596313,4.7808025347435204e-05,272.54883592221836,0.7497215479750967,0.5919024807258041,0.0,7,12,15,1120.9888479709625
1334,0.12806965536273096,9.215245443626551e-05,0.5,22.30145084308721,4080.5616612258796,5.549902628283811,166.28637069831734,142821.45960576177,35.383038421940654,0.09339217949229456,5.005684303132072e-05,276.69303056568964,0.7497215479750967,0.5919024807258041,0.0,7,12,15,1130.136754989624
1345,0.12908218645433958,9.196513137156413e-05,0.5,22.333009896214005,4070.249952502704,5.5489213469382435,166.12829350985635,143262.75369944575,36.50565927234038,0.09617955251771033,5.383962347344069e-05,280.81950565606206,0.7497215479750967,0.5919024807258041,0.0,7,12,15,1139.270346403122
1355,0.13000104991045303,9.182862806114498e-05,0.5,22.520194795575424,4059.155119619419,5.547951747037747,165.98418542147502,143589.55780832667,37.67596293512803,0.09911980004535041,6.420454856223188e-05,284.55441227642024,0.7651681954664004,0.5708599335245813,0.0,7,12,15,1147.5761392116547
1366,0.13101058714122868,9.174517958069016e-05,0.5,22.79745613966932,4048.3661904733426,5.546985197526575,165.8251111115193,143846.0962540084,38.95915614397205,0.10236908044967893,6.892514790817209e-05,288.64683458234305,0.7651681954664004,0.5708599335245813,0.0,7,12,15,1156.7136578559875
1377,0.1320197761353242,9.176101005197285e-05,0.5,23.05329094343645,4035.155814601689,5.546121520681222,165.6661839054253,144009.76891597925,40.001653054842116,0.10501828190421184,8.917700228019038e-05,292.7257353028684,0.7651681954664004,0.5708599335245813,0.0,7,12,15,1165.8425319194794
1388,0.1330298123225522,9.187955885653758e-05,0.5,23.340379900768557,4019.4705243441035,5.544681846652685,165.50864665860064,144080.7536458763,41.45563098355344,0.10876362506481094,0.00011317149932308046,296.7934673413359,0.7651681954664004,0.5708599335245813,0.0,7,12,15,1174.9806761741638
1399,0.1340416736209469,9.209922948127993e-05,0.5,23.553156554601333,4001.2066538312633,5.542300112183041,165.34982003561387,143965.21013393154,42.62577675660707,0.11183941791504731,8.750523902519742e-05,300.8513737530925,0.7651681954664004,0.5708599335245813,0.0,7,12,15,1184.088339805603
1410,0.13505672568667396,9.242321834012809e-05,0.5,23.840202467732063,3980.262961844282,5.542269533666318,165.1912129033665,143725.72803179253,42.76988766200041,0.1123046378553559,0.00012468057077825637,304.9021773635571,0.7651681954664004,0.5708599335245813,0.0,7,12,15,1193.2248430252075
1421,0.13607566908539034,9.282444589677143e-05,0.5,24.029208966012828,3956.552181129995,5.538760541734069,165.03250135720958,143374.836662126,42.87442507508621,0.11271141865972654,9.890402097427002e-05,308.94576006194006,0.7651681954664004,0.5708599335245813,0.0,7,12,15,1202.3609397411346
1431,0.13700605228030932,9.323443367528485e-05,0.5,24.12833247757708,3932.492127002949,5.536718498519726,164.88584659825574,142926.14214695757,42.7625783706341,0.11259531949323827,9.450782084957444e-05,312.6156771860691,0.7651681954664004,0.5708599335245813,0.0,7,12,15,1210.681848526001
1442,0.1380351817861176,9.385368307336009e-05,0.5,24.31613982309166,3903.136952209009,5.536657282325709,164.72375476639672,142354.54551929602,42.376466670230876,0.11181274623206147,9.964286504433626e-05,316.64761572706226,0.7651681954664004,0.5708599335245813,0.0,7,12,15,1219.8196461200714
1453,0.13907222446610878,9.465734729780892e-05,0.5,24.523080608705005,3870.5804093208894,5.534767869965866,164.56077677857076,141690.52625115364,42.73386108269267,0.11300490910603986,0.0001002982614717543,320.67845407010975,0.7651681954664004,0.5708599335245813,0.0,7,12,15,1228.9444444179535
1463,0.140023581916923,9.555031095745078e-05,0.5,24.714825535837804,3838.0427141988334,5.533636737475994,164.41119282963862,140977.06524949305,43.3411555798924,0.11487647950954966,9.459157987195048e-05,324.3452820921493,0.7651681954664004,0.5708599335245813,0.0,7,12,15,1237.249065876007
1474,0.14108142144728408,9.670898713075833e-05,0.5,24.93419870323182,3798.84812218039,5.5286152340978605,164.24614211212113,140071.49042397377,43.85182083443312,0.11658301872886931,9.05243608692935e-05,328.3845846000365,0.7651681954664004,0.5708599335245813,0.0,7,12,15,1246.4095630645752
1484,0.14205504107689498,9.791803344851321e-05,0.5,25.22446871521623,3759.974551136029,5.527628991200621,164.09580216807663,139141.79250182593,44.47088699142984,0.11859615181907696,0.00010890968201751009,332.0642936657809,0.7651681954664004,0.5708599335245813,0.0,7,12,15,1254.7291946411133
1494,0.14304131610743714,9.91986826172176e-05,0.5,25.381225957546373,3717.8755167068234,5.524684333631785,163.94462633984662,138113.44086429346,45.203261835551785,0.1209641965248106,0.00010001207623625353,335.7519020678066,0.7651681954664004,0.5708599335245813,0.0,7,12,15,1263.0436840057373
1504,0.14403980366319108,0.00010037993262575776,0.5,25.569070714916933,3672.489227238865,5.5243939007596,163.79290006544676,137013.3281485165,45.74665524868868,0.122881737787103,0.00010208132006568393,339.4414956824628,0.7651681954664004,0.5708599335245813,0.0,7,12,15,1271.3697080612183
1514,0.1450505141741289,0.00010165883339907278,0.5,25.757812691829916,3623.7411909131642,5.522262610874267,163.6416463773897,135797.1680842632,46.33974131780032,0.12500017325508084,0.00010060248200005807,343.12868406938804,0.7651681954664004,0.5708599335245813,0.0,7,12,15,1279.6779589653015
1524,0.14607483578347555,0.00010308744931752982,0.5,25.643663370467383,3571.4771829958318,5.5196289665009015,163.49101729222852,134429.7986642002,46.22983688575649,0.12533400803959838,0.00010763609329638795,346.81379290156957,0.7651681954664004,0.5708599335245813,0.0,7,12,15,1287.9534168243408
1533,0.1470096053764385,0.00010450206574365573,0.5,25.83864697453921,3521.29490046359,5.516518658208163,163.35638042971155,133057.7728838865,45.899903453707694,0.12508654627663676,0.00010952885765418107,350.12884673828677,0.7651681954664004,0.5708599335245813,0.0,7,12,15,1295.419008731842
1543,0.14806393475180799,0.0001062171782188834,0.5,26.12184923243634,3461.8905033330534,5.514890739542467,163.206108294688,131403.97926548976,45.34360001963709,0.12436107306584972,0.00011558835260247931,353.81013549072384,0.7651681954664004,0.5708599335245813,0.0,7,12,15,1303.6988217830658
1552,0.14902816080667264,0.0001078894877385612,0.5,26.227729391923937,3405.0111285067305,5.514210600712856,163.06937003457566,129828.72706859786,44.59199238439437,0.12306339811388672,0.0001106927008737236,357.1207582255301,0.7651681954664004,0.5708599335245813,0.0,7,12,15,1311.1635587215424
1561,0.15000804386844435,0.00010968285552134727,0.5,26.10970062026591,3344.78456031674,5.511616444142414,162.93021861975592,128185.02134949839,43.75686293701052,0.12155740977931381,0.00012194579606395203,360.42776345847903,0.7651681954664004,0.5708599335245813,0.0,7,12,15,1318.646452665329
1570,0.15100187336347615,0.00011042398743000104,0.5,25.923617368169296,3281.3064750845365,5.509518375134642,162.78840449743245,126491.93151765678,43.067739394857234,0.12046186141630684,0.00011167288430809921,363.72036581235284,0.7651681954664004,0.5708599335245813,0.0,7,12,15,1326.147976398468
1580,0.15210082629992225,0.00010945180211593146,0.5,25.90582561037674,3208.4660667608628,5.506658161229368,162.63117599775867,124613.65227083235,42.32107844253945,0.11928463223956748,0.00011690251993532651,367.28634310821695,0.7651681954664004,0.5708599335245813,0.0,7,12,15,1334.457025051117
1589,0.15308186821215325,0.0001086683676456908,0.5,25.96738915874815,3141.28726375446,5.506878750631321,162.49232869159732,122939.02168728663,41.85667489564667,0.11878862818418028,0.00011836937778269699,370.4010301829989,0.7651681954664004,0.5708599335245813,0.0,7,12,15,1341.9365401268005
1598,0.15405657813254883,0.00010802847723591741,0.5,25.997678798356976,3072.735098499013,5.5034105130323,162.3550871910459,121264.13609160154,41.68168773119434,0.11910687930216533,0.00010518347409172971,373.42946480402316,0.7651681954664004,0.5708599335245813,0.0,7,12,15,1349.4126229286194
1607,0.15502624096739898,0.00010753053198040457,0.5,26.06061720876001,3002.969549149643,5.502046841865618,162.2188789775857,119603.74801898311,41.44952026086379,0.11926603261458844,0.00010276779550528285,376.37515730019874,0.7651681954664004,0.5708599335245813,0.0,7,12,15,1356.8827412128448
1617,0.15609924383103457,0.0001071360792898433,0.5,25.99422630543859,2924.250799917859,5.500111513428641,162.06960231685292,117790.42197281252,40.85378362677538,0.11847100051619307,0.0001002608173797431,379.55511950417304,0.7651681954664004,0.5708599335245813,0.0,7,12,15,1365.1907696723938
1626,0.1570622688289443,0.00010691419897087298,0.5,25.943319448781853,2852.5534286989,5.497293650791059,161.93752341326086,116184.17156131634,40.12142770301159,0.11717286003510899,8.920809849045336e-05,382.3367229442673,0.7651681954664004,0.5708599335245813,0.0,7,12,15,1372.6752803325653
1635,0.15802389619343443,0.00010681138490167991,0.5,26.001781237322174,2780.3046455934473,5.495512800416985,161.80741724368113,114594.75878167042,39.495092091651244,0.11616085972841526,8.531405485496497e-05,385.04507817653166,0.7651681954664004,0.5708599335245813,0.0,7,12,15,1380.1912984848022
1645,0.1590920011392869,0.00010682989757457711,0.5,25.884881542347156,2699.72433550042,5.493409558384745,161.6646451431623,112845.23831630737,39.13684545645523,0.11600530868453958,8.330184342578823e-05,387.97170120559224,0.7651681954664004,0.5708599335245813,0.0,7,12,15,1388.4807965755463
1654,0.16005401871762873,0.00010695352816717463,0.5,25.855747360129342,2627.2744548370274,5.491965414089861,161.5370374485362,111293.87702043868,39.27509774812729,0.11721366511019728,9.04456764878078e-05,390.5340344436474,0.7651681954664004,0.5708599335245813,0.0,7,12,15,1395.9594330787659
1663,0.16101761607103068,0.00010717106763925511,0.5,25.80362834166043,2555.249026731111,5.488058183647069,161.41035458721342,109778.2904332246,39.43982103676053,0.11850376624508348,8.881819338824745e-05,393.0309673990387,0.7651681954664004,0.5708599335245813,0.0,7,12,15,1403.4630317687988
1673,0.1620912332497784,0.00010753991747543071,0.5,25.769419249601636,2476.1382346446603,5.4892026931023095,161.27101285459884,108140.88878420732,39.185533508909074,0.11863396785894129,8.549579279554481e-05,395.7318592974114,0.7651681954664004,0.5708599335245813,0.0,7,12,15,1411.7785303592682
1682,0.16306133957433064,0.00010801046393392375,0.5,25.74668380335037,2406.1089033446424,5.487318782263128,161.1466146312812,106697.66343178976,38.69680184465303,0.11796103423102779,8.224743284474724e-05,398.1000087107067,0.7651681954664004,0.5708599335245813,0.0,7,12,15,1419.2486443519592
1691,0.16403642696618292,0.00010863280036466507,0.5,25.639152617162914,2337.4658573403144,5.4856005451747425,161.02258385718787,105276.2013916217,38.32131601773112,0.11761504464118033,7.745372157092822e-05,400.412708681433,0.7651681954664004,0.5708599335245813,0.0,7,12,15,1426.701450586319
1700,0.16501792638608656,0.00010941764688031899,0.5,25.54383738008676,2270.424853545978,5.483094946029188,160.898661283019,103882.27984725649,38.20178663054218,0.11803435084446519,6.971700781868024e-05,402.67402971129013,0.7651681954664004,0.5708599335245813,0.0,7,12,15,1434.1806147098541
1709,0.16600726575430186,0.00011035418891332285,0.5,25.417305373981367,2205.1583232705575,5.481905059702474,160.7752177308285,102519.88778564028,38.20376452755702,0.11881938123869251,7.376173506126815e-05,404.8879650275635,0.7651681954664004,0.5708599335245813,0.0,7,12,15,1441.66868019104
1718,0.16700217139375012,0.00011032970978835126,0.5,25.325927733977284,2154.31859795661,5.479830350731556,160.6530233438504,101198.70245944947,38.15099347418653,0.11942717884993156,6.690395540481733e-05,407.05659911455024,0.7461997017612174,0.596699268576488,0.0,7,12,15,1449.1415493488312
1728,0.16810195019356952,0.00010973461151891998,0.5,25.275349238554394,2103.03475707835,5.478857497765034,160.52041869861395,99791.27312941864,37.872825831621114,0.11939971346291858,6.065044185386157e-05,409.39767259615394,0.7461997017612174,0.596699268576488,0.0,7,12,15,1457.4512028694153
1737,0.1690879642383177,0.0001094476498052461,0.5,25.17501359085095,2059.6796840080005,5.477807956692235,160.40366860288935,98570.27151356864,37.46563771291345,0.11886197011825397,5.936263183753752e-05,411.4499200477476,0.7461997017612174,0.596699268576488,0.0,7,12,15,1464.9176461696625
1746,0.1700723845425198,0.00010934949462221901,0.5,24.963310764825067,2018.7790081495075,5.477153949435326,160.2890118646757,97400.80428679282,37.00637164927469,0.11812709653461975,5.584969948113379e-05,413.4573788209523,0.7461997017612174,0.596699268576488,0.0,7,12,15,1472.3861362934113
1755,0.17105667236474292,0.00010940006258215838,0.5,24.760800141344095,1980.163366486707,5.476164838942239,160.1760889387617,96290.67674274204,36.52472514236445,0.11728068576772549,5.6502218274102286e-05,415.42543396151547,0.7461997017612174,0.596699268576488,0.0,7,12,15,1479.8912906646729
1764,0.17204224364542192,0.00010962425263364537,0.5,24.544775866811303,1943.6713327973955,5.474686263258601,160.06452897326216,95235.01956381556,36.09344210179457,0.11655550670832801,5.511931031959295e-05,417.35904335638855,0.7461997017612174,0.596699268576488,0.0,7,12,15,1487.3630151748657
1773,0.17303095137837018,0.00011008015850704931,0.5,24.407196923183886,1909.135648011941,5.47271547464424,159.95400608499648,94223.09340999374,35.81078295257562,0.11627508726088123,5.53778902288211e-05,419.2636933841302,0.7461997017612174,0.596699268576488,0.0,7,12,15,1494.8623077869415
1782,0.17402508496146013,0.00011080284108859194,0.5,24.213789219783123,1880.7329975609198,5.470887122633148,159.84414827135743,93250.90013423987,35.71513234641914,0.11657271447270305,5.589417928215034e-05,421.147511232162,0.7275639387531777,0.6215731992138804,0.0,7,12,15,1502.3326058387756
1791,0.17502706118295955,0.00011179089294999938,0.5,24.007189635370835,1859.311493755879,5.470639977851555,159.7345872109231,92312.9548842549,35.72445533624635,0.11719496472072835,5.7396090918994105e-05,423.0212290559867,0.7275639387531777,0.6215731992138804,0.0,7,12,15,1509.844078540802
1800,0.1760385108192914,0.00011277455886132756,0.5,23.787596627205254,1839.4575388632045,5.470699061476447,159.62502540525074,91404.01947668419,35.73698234785522,0.11781860561599755,5.589661274051413e-05,424.8917883524457,0.7275639387531777,0.6215731992138804,0.0,7,12,15,1517.336606502533
1809,0.17705783903745947,0.0001136700927888692,0.5,23.5704262503608,1825.9770574836296,5.469510590929558,159.51557909597798,90528.82042407485,35.68168423303364,0.1182080786286007,5.040760726683063e-05,426.7599288103986,0.7093611333471395,0.6455682717487586,0.0,7,12,15,1524.837327003479
1818,0.1780858931929045,0.00011468939943703308,0.5,23.348008031278834,1817.7264660730582,5.467185880634723,159.4061901152752,89690.03390283251,35.482253425723165,0.1181073512229532,5.253539369363401e-05,428.6328910846997,0.7093611333471395,0.6455682717487586,0.0,8,12,15,1532.3598067760468
1826,0.17900788391144504,0.00011569061762653096,0.5,23.120220569038374,1811.4365873454026,5.4658557786943796,159.30890363390785,88973.59384088924,35.227140374107655,0.11774356296851256,5.5873354738586154e-05,430.30591841036073,0.7093611333471395,0.6455682717487586,0.0,8,12,15,1539.2614278793335
1835,0.18004488295957208,0.00011406424393227188,0.5,22.882056706157815,1805.4689262318884,5.464224596358148,159.20039004782203,88207.53975602357,34.982485989480956,0.11744687085743936,4.8940461327325356e-05,432.18128219773325,0.7093611333471395,0.6455682717487586,0.0,8,12,15,1547.0351362228394
1844,0.18105604336036643,0.00011100807223528867,0.5,22.651687794289213,1800.6283871095015,5.46219217209772,159.09582693809898,87497.8921672046,34.84495916328547,0.11746832516585327,4.606159347361871e-05,434.0044536000641,0.7093611333471395,0.6455682717487586,0.0,8,12,15,1554.8226771354675
1853,0.18204233424373675,0.00010861298852922545,0.5,22.412628513129004,1796.6977143082104,5.460975317755082,158.99497501101567,86839.37285566411,34.780906981745346,0.11770266447348167,4.499411278356628e-05,435.7784585692333,0.7093611333471395,0.6455682717487586,0.0,8,12,15,1562.5762195587158
1862,0.18301318111092327,0.00010747331252938889,0.5,22.167863767461444,1793.4643550910562,5.459791411907213,158.89654573030865,86220.50132411317,34.739606010330455,0.11798973074241867,4.339577669751263e-05,437.52120736811736,0.7093611333471395,0.6455682717487586,0.0,8,11,15,1570.3119814395905
1872,0.1840857152482729,0.00010701384858962709,0.5,21.88683277371273,1790.481954013154,5.457659287412761,158.78844455567972,85566.25399424354,34.68285755661798,0.11825352472634786,3.7496321517277904e-05,439.44315974958863,0.7093611333471395,0.6455682717487586,0.0,7,11,15,1578.7598004341125
1881,0.18504807151151165,0.00010699291067074438,0.5,21.64931000608474,1788.2092432471452,5.456192097066568,158.69192168352293,85005.81380166745,34.61564572106466,0.11842011794430238,3.456184439264816e-05,441.16514769352904,0.7093611333471395,0.6455682717487586,0.0,7,11,15,1586.2409439086914
1890,0.18601360674661688,0.00010755338416506339,0.5,21.41714176916568,1786.1995813296883,5.454964539199911,158.59545295287884,84467.70527076612,34.53904702912618,0.11854184979540207,3.7139451063690635e-05,442.890756525929,0.7093611333471395,0.6455682717487586,0.0,8,11,15,1593.8660943508148
1900,0.1870929315973721,0.00010821330687799758,0.5,21.148627392045814,1784.6986674603702,5.4527261988857365,158.48812570461067,83896.45544123958,34.449831047722846,0.1186468786845526,3.695606439429977e-05,444.8178361356477,0.7003552774810603,0.6572177459056436,0.0,8,11,15,1602.439841747284
1909,0.1880687992192921,0.00010856316239667597,0.5,20.896623527642564,1785.0798107678143,5.451587693867243,158.3916997763942,83408.66794730102,34.36548124383277,0.11871084997608945,3.363893467822533e-05,446.5596517528126,0.7003552774810603,0.6572177459056436,0.0,8,11,15,1610.1706194877625
1918,0.18904653818550188,0.00010863445994389448,0.5,20.641670531235373,1785.319742847183,5.4497741460712,158.29576517964023,82949.04854550099,34.24669839780086,0.11863864039193861,3.242014617712856e-05,448.3051111370663,0.7003552774810603,0.6572177459056436,0.0,7,11,15,1617.6315927505493
1927,0.19001401954113264,0.00010632819401047068,0.5,20.441855424576726,1785.3362445825994,5.448784665495338,158.20168098914675,82525.07743711103,34.05395401881089,0.11828814556853907,2.934462971401186e-05,450.0323826846712,0.7003552774810603,0.6572177459056436,0.0,7,11,15,1626.073567867279
1937,0.19106589754841338,0.00010450056335704102,0.5,20.30185721577529,1785.020019778551,5.44673735106771,158.10047629030947,82100.40125567075,33.75221731838454,0.11756333934898179,2.7079503928284893e-05,451.91017230099044,0.7003552774810603,0.6572177459056436,0.0,7,11,15,1636.7115170955658
1946,0.1920035985807093,0.00010404219052469443,0.5,20.174440134111677,1784.380631282465,5.444834460969628,158.0109733606791,81754.50930530824,33.43367219022147,0.116720572907153,2.7028904775991954e-05,453.58368763857925,0.7003552774810603,0.6572177459056436,0.0,7,11,15,1646.3668258190155
1956,0.19304235035143097,0.00010374851256230163,0.5,20.032101752586822,1783.2168512081005,5.442904740118885,157.9124243076695,81408.83306291651,33.050194647084126,0.11565082415084238,2.6727296671453937e-05,455.4366117396589,0.7003552774810603,0.6572177459056436,0.0,7,11,15,1657.0275928974152
1966,0.19407243126745632,0.00010181171448108061,0.5,19.894923325778542,1781.53737588971,5.440587338948475,157.81533743283833,81103.66501010541,32.639011528314136,0.11445206593256853,2.5072973419758668e-05,457.27260438948593,0.7003552774810603,0.6572177459056436,0.0,7,11,15,1667.4166491031647
1976,0.19507374886725856,9.872214135385357e-05,0.5,19.914527692352376,1779.3640727386135,5.439600446960407,157.72176240256383,80841.59015553627,32.21909005180308,0.11318794492820898,2.2409926515553974e-05,459.05540103532235,0.7003552774810603,0.6572177459056436,0.0,7,11,15,1676.4946525096893
1986,0.19604294818421172,9.541668057487595e-05,0.5,19.96560720247585,1776.730581532106,5.438151844077157,157.6319033719166,80618.51977697902,31.798250615387563,0.11188889118347481,1.971887985129069e-05,460.77868329029235,0.7003552774810603,0.6572177459056436,0.0,7,11,15,1686.1802270412445
1997,0.19706983844795628,9.162095694499312e-05,0.5,20.04201157303326,1773.3609475128892,5.435534498980124,157.53737347450036,80412.88521357259,31.316542482803417,0.1103622753449138,1.8303289989525608e-05,462.6014605035815,0.7003552774810603,0.6572177459056436,0.0,7,11,15,1697.2945930957794
2008,0.1980550184222601,8.788014443496722e-05,0.5,20.106252298425147,1769.5690906612112,5.434093899579113,157.4473600210165,80241.32724656857,30.87602682659703,0.10895123744046026,1.7464420799838968e-05,464.3466723655658,0.7003552774810603,0.6572177459056436,0.0,7,11,15,1707.7393968105316
2019,0.19900141734469726,8.461240257440352e-05,0.5,20.1637487644558,1765.4209247435174,5.432204238488232,157.36158466005347,80115.81386722438,30.520624681102003,0.10780250671450325,1.6100496952933487e-05,466.01942773626837,0.7003552774810603,0.6572177459056436,0.0,7,11,15,1718.9242985248566
2032,0.2000820402402621,8.215256949384425e-05,0.5,20.229848032347928,1760.0996775961773,5.431303333093896,157.26413183625206,80031.35314398105,30.127235007046753,0.10649231162621832,1.4287916821331296e-05,467.92430687710527,0.7003552774810603,0.6572177459056436,0.0,7,11,15,1732.13046169281
2044,0.20106434594046899,8.195142642805335e-05,0.5,20.281449197015096,1912.734300997389,5.428720263465382,157.1755435689075,79988.97813494757,29.74544552767878,0.10519227102688553,1.4215798022821177e-05,469.72822975364824,0.11636606366654266,0.030506738705648156,0.0,7,12,15,1744.5634005069733
2056,0.20205374163002907,8.285407849692862e-05,0.5,20.342251549690058,1839.2356220377892,5.426987519774858,157.08595404163722,79958.61812345305,29.331160302287806,0.10376935730677056,1.5051495657059914e-05,471.5843211882533,0.11636606366654266,0.030506738705648156,0.0,7,12,15,1756.7952373027802
2068,0.2030549634269016,8.406013160795948e-05,0.5,20.40732798634892,1743.4129161977528,5.4262538902823705,156.99440243050066,79933.55646299475,28.95609404546653,0.10247904981839316,1.6116841720479472e-05,473.37783409176075,0.6948518121362567,0.6643805800679013,0.0,7,12,15,1768.4485123157501
2080,0.20407705270029558,8.61889117265976e-05,0.5,20.457895186497126,1887.4690682919943,5.424165442010065,156.89989158553323,79948.78128720773,28.8941892694473,0.10225907850719027,1.801907582692483e-05,475.23337685641394,0.11417131123972264,0.042842356765526286,0.0,7,12,15,1780.5434229373932
2091,0.20503309286555912,8.689804868088576e-05,0.5,20.530193464728587,1804.7156709327098,5.422778269137312,156.81118812372776,79996.34948072105,29.06864087794354,0.10284555013279612,1.8233435114463357e-05,476.9983153105499,0.11417131123972264,0.042842356765526286,0.0,7,12,15,1791.432135105133
2103,0.20607379131831072,8.65953479774376e-05,0.5,20.610454674985416,2000.1724495572737,5.421373193975046,156.71453989956174,80108.72260663402,29.577742504781213,0.10456065756964708,1.912130484358188e-05,478.9781859004933,0.11312581470089195,0.04401697968194173,0.0,7,12,15,1803.9959020614624
2114,0.2070251631474694,8.648651667924449e-05,0.5,20.66838784499055,2280.231055795335,5.42068090802495,156.6267589160168,80274.6865060652,30.522919071554572,0.10775868671104796,1.7365001137990073e-05,481.0143135567056,0.11091626683248867,0.06807410222419306,0.0,7,12,15,1815.3732442855835
2126,0.20805772180531287,8.472968319618452e-05,0.5,20.75031652011442,2468.4617468016754,5.41908305278545,156.53205266432042,80516.6765714245,31.512515162315385,0.11105005944815503,1.7607396347826225e-05,483.4659654900858,0.10922387962875109,0.056958116824568,0.0,7,12,15,1827.618637084961
2138,0.2090441897141893,7.989593930956419e-05,0.5,20.83311969024489,2726.5952754497844,5.418038751442739,156.44146800874907,80853.75623188024,32.32903615226162,0.11366025279674181,1.8739867364547866e-05,486.02834400870296,0.10922387962875109,0.056958116824568,0.0,7,12,15,1840.005952835083
2151,0.21004700959501166,7.525073153089906e-05,0.5,20.93069608929896,2486.318090163867,5.416773831111994,156.34951572354746,81126.14451240373,32.761561255820865,0.11497473309159412,1.5023656141466426e-05,488.6421505887239,0.11296396952312736,0.06885262696500243,0.0,7,12,15,1852.1214125156403
2164,0.21102128300527367,7.527203267341717e-05,0.5,21.038445857960223,2749.684844182245,5.4158514479295565,156.2596540389836,81393.01233749869,32.15419385699414,0.11269220324416757,1.7467267954121694e-05,491.1927998062175,0.11296396952312736,0.06885262696500243,0.0,7,12,15,1865.8249113559723
2177,0.2120402642057463,8.235043194407298e-05,0.5,21.155498748030723,2931.959138070753,5.414961261926542,156.1641232488329,81595.44098893914,31.41291026521231,0.10999583623378326,2.0869880843592483e-05,494.0875440090646,0.11257665785599251,0.07819576312160459,0.0,7,12,15,1879.5416550636292
2189,0.2130880825556174,8.943413614714995e-05,0.5,21.268215238298037,3334.53552855199,5.413775842807192,156.06384162266914,81864.34593568934,31.985996679600323,0.11180002650348851,2.3135507752609727e-05,497.37061805959297,0.11202080678372922,0.0801846196032783,0.0,7,12,15,1890.0679395198822
2200,0.21407396449484337,8.979133155058574e-05,0.5,21.392930017359426,2958.821476747461,5.412890571366768,155.96932369751246,82093.79430401095,32.488599792979315,0.1133816698059983,2.7669262088866525e-05,500.4728715639059,0.1304828742897089,-0.08237001135234584,0.0,7,12,15,1899.238368988037
2211,0.21506406462828978,9.019928371363862e-05,0.5,21.516034772355827,3186.6527303249386,5.411980729039133,155.87415812518705,82377.71698782302,32.45795745044485,0.1130868045338626,2.6247256591905666e-05,503.51518898016286,0.12992335998390964,-0.06826976551743731,0.0,7,12,15,1908.3830873966217
2222,0.2160529890794216,8.956466823722995e-05,0.5,21.789956991252943,3307.9639395200516,5.410918462020994,155.7781066089566,82721.59614964953,32.34888694412703,0.11248286452459315,2.4121828694245744e-05,506.7265315929319,0.12992335998390964,-0.06826976551743731,0.0,7,12,15,1917.526701927185
2233,0.21703355816071476,8.878628383177667e-05,0.5,21.75131348764159,4230.5894969837145,5.410027766808933,155.6821103546568,82932.251870161,31.93740125804984,0.11093407151036978,2.4698628424161565e-05,510.4225678016878,0.13574699070258417,-0.0878611016493684,0.0,7,12,15,1926.687247991562
2244,0.21800546041086666,8.799652604823747e-05,0.5,21.86453570929703,5072.344279348156,5.4088894007535355,155.58640745120482,83113.07129442866,31.437217900569784,0.1091038968652431,2.2812949884478584e-05,514.9433389368033,0.13574699070258417,-0.0878611016493684,0.0,7,12,15,1935.8092772960663
2256,0.21904271092063912,8.46908625837712e-05,0.5,21.92745527473752,4770.976077466904,5.40801698484664,155.483593034511,83324.22839136301,30.47590690462501,0.10567658324314365,2.1825628215051335e-05,520.0483334657833,0.13574699070258417,-0.0878611016493684,0.0,7,12,15,1945.756863117218
2268,0.22004407654935434,8.271590442808979e-05,0.5,21.99985806940151,3977.8416629891603,5.406798301814367,155.3838582665233,83506.18326002275,29.72258020794198,0.10298480099598502,1.8819907261291804e-05,524.4287161543767,0.13574699070258417,-0.0878611016493684,0.0,7,12,15,1955.7248256206512
2280,0.22103185975867007,8.202469013903639e-05,0.5,22.058526046902845,3489.8171797599944,5.4059520844853175,155.2847192912944,83633.62088256031,29.616109418276814,0.10254613646329529,1.9245653419102743e-05,528.1169301632596,0.13574699070258417,-0.0878611016493684,0.0,7,12,15,1965.7275853157043
2292,0.2220134617541428,8.169359640979092e-05,0.5,22.19468844800369,3411.790110579191,5.405553866802626,155.18595173191002,83763.78174647508,30.013432204290826,0.1038311183307215,1.9594736632077594e-05,531.5042459073426,0.13574699070258417,-0.0878611016493684,0.0,7,12,15,1975.6923096179962
2305,0.22307593280050855,8.179048620853952e-05,0.5,22.380112734604886,3388.266803927104,5.404928632513792,155.07925891382988,83904.13011766369,30.344222755981498,0.10488066527629165,1.8308859793872768e-05,535.1166776999937,0.13504549816390393,-0.08902098784625866,0.0,7,12,15,1986.493991613388
2317,0.22405832533548742,8.192009352642127e-05,0.5,22.56794171585008,3493.5800987422167,5.403477889786051,154.98046555633644,84059.03792647904,30.137422276180576,0.10408288598150733,1.964884630048502e-05,538.4970152120186,0.13563719872732782,-0.08999513706473558,0.0,7,12,15,1996.4741485118866
2329,0.22504170313536725,8.195504973316078e-05,0.5,22.750208282252416,3234.8246679799163,5.402406234007972,154.88138666127512,84176.56596491754,29.883991456592806,0.10315034814687479,1.8761470944820412e-05,541.8052971501187,0.13563719872732782,-0.08999513706473558,0.0,7,12,15,2006.432647228241
2341,0.22602483114196562,8.189181692257872e-05,0.5,22.93002603477678,2620.5658642835556,5.401436305038922,154.7826083977898,84217.29676737083,29.74595227100595,0.10265973852119666,1.777147812186458e-05,544.6835963610382,0.13797680145682514,-0.0970224682767252,0.0,7,12,15,2016.3591146469116
2353,0.22700682301580283,8.177983623319412e-05,0.5,23.081143646521852,2359.0930021374893,5.4007526997300435,154.68434830693653,84317.00324376544,29.86360629380691,0.10300607055494171,1.745145498119525e-05,547.1285886316916,0.6119575059965986,0.7690091874733014,0.0,7,12,15,2026.2890410423279
2366,0.22806914713597723,8.167003270296612e-05,0.5,23.26771924324047,2399.8478538024615,5.399586615713837,154.57836974693888,84525.91685128694,30.04357199470802,0.10349802915276217,1.7302590859946668e-05,549.6563574605658,0.6119575059965986,0.7690091874733014,0.0,7,12,15,2037.0360984802246
2378,0.22903271727238375,7.855776963343111e-05,0.5,23.49885232469313,2488.779643363315,5.398854278374355,154.48234434994953,84726.08938638825,30.133253700041898,0.10368644557575797,1.5677313512815985e-05,552.0116251927082,0.09208998835131102,0.037663783495701576,0.0,7,12,15,2046.9806234836578
2391,0.23003632668472598,7.642773111808185e-05,0.5,23.70778669578492,2708.3775016909535,5.398103952868013,154.3832947602761,84904.83416436201,30.319914117934328,0.10421777798823714,1.3819871007588031e-05,554.6195831068072,0.09208998835131102,0.037663783495701576,0.0,7,12,15,2057.783614397049
2404,0.23102157262190084,7.491076244285279e-05,0.5,23.954812593922753,2740.745554970341,5.397290260330569,154.28730618299812,85044.27689917883,30.613207708860074,0.10513449108655774,1.413504073003081e-05,557.3039462831779,0.6280159629354652,0.749081494083967,0.0,7,12,15,2068.581720352173
2418,0.23205956118327262,7.361363968702235e-05,0.5,24.12658551946103,2857.389698564504,5.395824020813716,154.18767046930947,85204.41949111351,30.85742007868163,0.10587060774156357,1.4098876537941473e-05,560.2093464622685,0.6280159629354652,0.749081494083967,0.0,7,12,15,2080.233587026596
2431,0.23301238032128868,7.303965785812272e-05,0.5,24.256821009476873,2885.0501281593997,5.394831385534147,154.09717357423088,85315.45655849359,31.05853064770835,0.10648955401709968,1.5044319815003177e-05,562.9450997451726,0.6280159629354652,0.749081494083967,0.0,7,12,15,2091.0363097190857
2445,0.2340329546379949,7.304697078926924e-05,0.5,24.46017142856771,2833.3638680023864,5.393690519727744,154.0012376235442,85406.36018398403,31.303567021148947,0.10726967881964947,1.4799264357377716e-05,565.8631329735606,0.1064340433371696,0.05664541468925255,0.0,7,12,15,2102.6522204875946
2459,0.23506455654213357,7.43793574113481e-05,0.5,24.560261029085517,2995.095799536428,5.392830002802066,153.90473323092218,85512.07075634575,31.504066213198787,0.10788893699618518,1.5645993964017033e-05,568.8694580191749,0.1064340433371696,0.05664541468925255,0.0,7,12,15,2114.252340078354
2472,0.23603951658114233,7.54933099861415e-05,0.5,24.60650458987184,2971.630747947369,5.39201103616189,153.8127882060461,85506.72141511751,31.686258338361526,0.10851571316541908,1.406792488364123e-05,571.7781179929196,0.6443430834290658,0.7285109773616976,0.0,7,12,15,2125.0493030548096
2485,0.23703145109072135,7.65574358841071e-05,0.5,24.69409020223787,3000.828495382962,5.391318056353138,153.71776265436966,85301.33224709709,31.934378102449692,0.10949404228730136,1.5066222914201166e-05,574.7402622081764,0.6443430834290658,0.7285109773616976,0.0,7,12,15,2135.835456132889
2499,0.23805300131443244,7.084836634012147e-05,0.5,24.787661266156984,2958.8055326446006,5.390131394096559,153.61994779248352,84982.92282286586,32.68818451205728,0.1122638027137087,1.4614304889435717e-05,577.7842949454603,0.6483843561546697,0.7232548958954697,0.0,7,12,15,2147.459127664566
2513,0.23903123016630884,6.945159202823768e-05,0.5,24.798239578286797,2947.3954022385274,5.389168875061736,153.5283776417985,84657.48133036926,33.81299826882249,0.11630596535548385,1.4274564151161187e-05,580.6731030252013,0.6611124081616291,0.707339166778809,0.0,7,12,15,2159.08051776886
2527,0.24000037255381543,6.8994182172424e-05,0.5,24.910342146900373,3112.115073634414,5.388286447315429,153.4403843809389,84361.46471405643,34.75489695911948,0.11971707446189657,1.409633055186989e-05,583.6093672500556,0.6611124081616291,0.707339166778809,0.0,7,12,15,2170.7246584892273
2542,0.24103592149940528,6.924937280826074e-05,0.5,25.02950346217699,3144.8435132645677,5.387098877218174,153.347960798872,84093.9800061523,35.02581086082305,0.12083626127655625,1.2934489969241878e-05,586.8490606836868,0.6611124081616291,0.707339166778809,0.0,7,12,15,2183.1473636627197
2556,0.2420106885696345,6.995538862616015e-05,0.5,25.161162087296965,2968.8087468973613,5.386175879566501,153.26081903906356,83870.13262259364,34.700163136566346,0.1198956280420852,1.3632611017090302e-05,589.8287541347061,0.6611124081616291,0.707339166778809,0.0,7,12,15,2194.732207775116
2571,0.24306048291979493,6.941861972553626e-05,0.5,25.311211158740996,3015.989786920417,5.385222518842009,153.16666382304848,83611.55151812718,34.25651925116921,0.11857451359825588,1.2364828696090738e-05,592.9701579785312,0.6739783187042431,0.6910278827282851,0.0,7,12,15,2207.139674425125
2586,0.2440517470984911,6.284553386257383e-05,0.5,25.401760427396233,2993.886883085019,5.38395381587195,153.07828046402926,83350.78726277851,34.161039546403615,0.11844005203343269,1.0350594995524309e-05,595.9488457092103,0.6739783187042431,0.6910278827282851,0.0,7,12,15,2219.5401482582092
2602,0.24500885537325737,5.786788718213555e-05,0.5,25.307561937066225,2825.5038211927517,5.382984422321595,152.9943154733253,83109.68624201875,34.422910892407955,0.11951416689796715,8.508449595704242e-06,598.7337392077915,0.6816424066023328,0.6813139189807109,0.0,7,12,15,2232.754395008087
2620,0.24603810999510337,5.682064801270686e-05,0.5,25.272519273736236,2801.445451442324,5.381443230631621,152.90587610289134,82881.27026146739,34.79139860788747,0.1209476438878209,8.051957427503431e-06,601.6295209806677,0.6859920533431741,0.6757071558903485,0.0,7,12,15,2247.6011865139008
2637,0.2470036687509056,5.690203711370446e-05,0.5,25.187697315216745,2740.0229709171795,5.3808423499101785,152.8244677433407,82723.45510327327,34.8962195287799,0.12142809706895943,7.83884238260716e-06,604.3048276582731,0.6870047931888978,0.6743072764170327,0.0,7,12,15,2261.593387365341
2655,0.2480340820022102,5.757210412337772e-05,0.5,25.14454321033122,2621.7883846821483,5.379959364723713,152.7372055447789,82565.37628431078,34.68848632296606,0.12083700577502636,7.477025062023105e-06,607.0672683941756,0.6914508228888955,0.6686080765115805,0.0,7,12,15,2276.4631712436676
2672,0.24901826405393102,5.8158417426657606e-05,0.5,25.186137126738906,2653.8368145807644,5.378693755777822,152.65170762503138,82366.76847918006,34.823969106323666,0.1214530456818597,7.869169531326774e-06,609.6633562105359,0.08590218594807908,0.16374250497164144,0.0,7,12,15,2290.5361328125
2689,0.2500111608343433,5.860185454552203e-05,0.5,25.479609479892435,2715.231659395593,5.378098920015111,152.56438900803823,82167.6811172523,36.03670037702329,0.12577337409535264,7.623695564795799e-06,612.3288216113481,0.08590218594807908,0.16374250497164144,0.0,7,12,15,2304.593332529068
2706,0.2510103751053982,5.891636893697334e-05,0.5,25.376661775399917,2698.1683220283753,5.3768773099633735,152.47705286998024,82062.08843927465,37.738822254986474,0.13170198502950078,7.62778360740294e-06,615.0333948695315,0.08590218594807908,0.16374250497164144,0.0,7,12,15,2318.6480898857117
2723,0.2520141096063969,5.9150853423720644e-05,0.5,25.446637502219716,2460.058410351564,5.375771196746438,152.39004576371488,82022.4502717725,39.17386585085408,0.13665495443962508,7.783516821680553e-06,617.6221399371634,0.08590218594807908,0.16374250497164144,0.0,7,12,15,2332.719009876251
2740,0.2530148304013558,5.833376503397176e-05,0.5,25.42270351655212,2278.9856230235646,5.374857117421931,152.30395742592214,82042.90399298964,40.008672426668404,0.1394970047257624,7.695625814745044e-06,619.9933698933755,0.07687774521578736,0.14789105053775428,0.0,7,12,15,2346.7822890281677
2758,0.2540533803093715,5.721895008811771e-05,0.5,25.612592606084835,2500.816325296706,5.373790871302437,152.21435678920855,82083.48020090802,40.0416098607818,0.13957797473329592,7.731917237370747e-06,622.4754013302562,0.07385222422299272,0.165323685395995,0.0,7,12,15,2361.694284439087
2775,0.2550198526421403,5.6584749393280685e-05,0.5,25.27795993129627,2429.3210403218523,5.3730659760444555,152.1299888096333,82128.11766724405,39.51840414618115,0.13775367670129793,7.763752997136266e-06,624.8578220105661,0.07304645817340176,0.16804121291791713,0.0,7,12,15,2375.7208285331726
2793,0.25603574809552543,5.639258752423013e-05,0.5,25.087850926198264,2539.9916140333376,5.371935828318192,152.03949681930314,82206.35248297201,39.19765249681406,0.1365931483722644,8.205506481882896e-06,627.3819730765705,0.12355561656682677,0.06020682141781314,0.0,7,12,15,2390.532609939575
2811,0.25705346672994184,5.677135373701553e-05,0.5,24.83750413293403,2405.902552884828,5.371053115255138,151.9480318336683,82221.18476793334,39.66714229367382,0.13818683791278008,8.151907946580184e-06,629.8987374053326,0.12355561656682677,0.06020682141781314,0.0,7,12,15,2405.3742184638977
2828,0.25802738093330685,5.7906594880287375e-05,0.5,24.48347915809895,2336.53874767812,5.37017170208378,151.8612590317916,82259.80360729585,40.02782129885003,0.13938745012933526,8.825504706020816e-06,632.2081028759541,0.09933913928177603,0.024207074829247006,0.0,7,12,15,2419.421808242798
2845,0.2590314309741859,6.033203185642971e-05,0.5,24.223096695000283,2325.1225857585264,5.369082944635144,151.77174790820573,82403.03624280752,40.22121552327331,0.13992713278862928,9.641263839927882e-06,634.5483735021547,0.06371950108314008,0.2110559995413024,0.0,7,12,15,2433.4813108444214
2861,0.26002221352004834,6.281153976412617e-05,0.5,24.17566579554998,2412.3765246403245,5.368099424983343,151.6822096300678,82618.216695381,40.03198354856645,0.13910071954509554,1.0777390643245962e-05,636.8952892169657,0.06371950108314008,0.2110559995413024,0.0,7,12,15,2446.7169139385223
2877,0.26103667168712064,6.398410205267671e-05,0.5,24.137051504278453,2075.299512224833,5.367318642199449,151.5890908843149,82858.42942788113,38.97287916323232,0.13529214157117242,1.1663868488105393e-05,639.171569020352,0.06202623689958226,0.22925809351289309,0.0,7,12,15,2459.990332365036
2893,0.2620503381437281,6.202213411091917e-05,0.5,24.204719293106322,2115.1693273503265,5.366532053350651,151.49488413014888,83152.61772860921,37.53867959536487,0.1301674331140248,1.1097267039162171e-05,641.29543787042,0.06269575178842514,0.09550015328327584,0.0,7,12,15,2473.247843980789
2909,0.2630220420919483,5.9760426307697595e-05,0.5,24.003829801621066,2246.667784287331,5.365815837177749,151.4045599570855,83516.71067751451,35.934842118595824,0.12442028072202388,1.2347819625239619e-05,643.4146450418558,0.06269575178842514,0.09550015328327584,0.0,7,12,15,2486.6644098758698
2926,0.2640241522597705,5.846772721346445e-05,0.5,23.98841317752038,2362.3560276016124,5.364830083883951,151.31186183256642,83973.09804196717,34.23075592394031,0.11827949242582424,1.1174318545447915e-05,645.7240198546701,0.06269575178842514,0.09550015328327584,0.0,7,12,15,2500.806099176407
2943,0.265019584658129,5.8896370288690437e-05,0.5,24.134803743928064,2436.901728458248,5.363775384264692,151.21987354630056,84509.54325539933,32.75768773293076,0.11289254054393587,1.4251970899924803e-05,648.1126881838978,0.06269575178842514,0.09550015328327584,0.0,7,11,15,2514.8808147907257
2960,0.266035754255826,6.0731499668980506e-05,0.5,24.14677520269381,2471.232222483014,5.362769928490523,151.12501628346777,85105.6201317473,31.847418656442,0.1094041206634531,1.4272445484756692e-05,650.6064364350832,0.06269575178842514,0.09550015328327584,0.0,7,12,15,2529.005174636841
2976,0.2670291483000605,6.34461770777557e-05,0.5,24.178532502397267,2473.0928449687453,5.362177666196367,151.03077830898388,85714.05866412094,31.190641412121582,0.106787883783507,1.5270484062792248e-05,653.0622679724662,0.06269575178842514,0.09550015328327584,0.0,7,12,15,2542.4420278072357
2992,0.26805080695970723,6.362918938975939e-05,0.5,24.101733162230126,2443.827051407765,5.361626418474911,150.9322824962126,86361.5712306018,30.999386390012802,0.10573590103259344,1.3984695994695464e-05,655.5739748679273,0.06269575178842514,0.09550015328327584,0.0,7,12,15,2555.905370235443
3007,0.26900294764183247,6.342258079479037e-05,0.5,24.08625937275403,2384.7964205485905,5.360596810146296,150.8394230298875,87007.97191390979,30.970878473278077,0.10524051736965283,1.642168601975537e-05,657.8727392910845,0.06269575178842514,0.09550015328327584,0.0,7,12,15,2568.4661333560944
3023,0.27002023400718617,6.38233832051792e-05,0.5,24.053808329979883,2282.743965906928,5.359977832059807,150.73929210325025,87727.47622270552,30.811366171454523,0.10426718790445932,1.5694004302812436e-05,660.2468518885239,0.06269575178842514,0.09550015328327584,0.0,7,12,15,2581.756982088089
3039,0.2710482392822818,6.469980614895315e-05,0.5,23.97823334088755,2224.4180259056343,5.35921094527163,150.63709761753964,88470.91594740434,30.588897621636885,0.1030791052480959,1.5573449634802296e-05,662.5635450401708,0.06226679378577676,0.17359919401309065,0.0,7,12,15,2595.031888484955
3054,0.272014410605154,6.398488580226435e-05,0.5,23.845828613115447,2222.405382897473,5.35848486234456,150.5402085070425,89177.50908781536,30.606798729127217,0.1027221431907315,1.3740775720433437e-05,664.7117416679021,0.06226679378577676,0.17359919401309065,0.0,7,12,15,2607.5910737514496
3070,0.27306351761539105,6.802760808356637e-05,0.5,23.855408019433987,2187.2628536194234,5.35744279184486,150.4338543100008,89948.49601966655,30.967329413655246,0.10346487589594867,1.4049459966094276e-05,667.0248485977768,0.06226679378577676,0.17359919401309065,0.0,7,12,15,2621.314009666443
3084,0.2740239750822741,6.855533495718688e-05,0.5,23.85806350079671,2134.7621560971315,5.356485800841969,150.33508551661092,90654.52449926228,31.445914665245226,0.10462919486869057,1.4516397954396453e-05,669.1004091940956,0.06226679378577676,0.17359919401309065,0.0,7,12,15,2633.0064618587494
3099,0.2750493276534462,6.834784268089009e-05,0.5,23.767381333875036,2239.3974248085797,5.355578617953942,150.229212596112,91427.39491088226,31.890045058572916,0.1056332911438607,1.4630705210488877e-05,671.342937080595,0.06434548102884152,0.4013717427216633,0.0,7,12,15,2645.529946565628
3113,0.27601097965256305,6.912849995083626e-05,0.5,23.599710315811432,2184.826507359562,5.3547203472263005,150.13001312775583,92199.33573662174,32.190544748620525,0.10616295068773114,1.5858927124381793e-05,673.4702189750501,0.06455537498019898,0.4065409294412396,0.0,7,11,15,2657.225218772888
3128,0.27703869012184734,6.711321384240699e-05,0.5,23.33345472012675,2124.8078108634927,5.35382609825187,150.0244195223161,93101.96928291016,32.719120098065694,0.1073542787212983,1.3761836247529769e-05,675.6847471288625,0.09423978788314626,0.14450849781978062,0.0,7,12,15,2669.7044932842255
3143,0.2780192666556736,6.393805878058364e-05,0.5,23.023609386318086,2410.0859660854917,5.352954024701082,149.92400699166535,94028.36614487246,33.43854787574947,0.10913809478093675,1.3887076804665302e-05,677.9081523393979,0.09423978788314626,0.14450849781978062,0.0,7,12,15,2682.5156943798065
3159,0.2790210191750025,6.168016474725797e-05,0.5,22.826176103683796,2819.4400522636993,5.352218097189526,149.82078540977642,95091.53647856826,34.4212105762521,0.11166905845401373,1.3144586915427002e-05,680.5274977712866,0.09423978788314626,0.14450849781978062,0.0,7,12,15,2695.8028178215027
3175,0.2800004949731215,6.104728691640285e-05,0.5,23.139006158703943,3437.7899969209543,5.351144158767986,149.7188770018161,96327.50731754788,36.18193659568123,0.11654342355939933,1.3764215270621674e-05,683.5919004695063,0.09423978788314626,0.14450849781978062,0.0,7,12,15,2709.0508329868317
3192,0.28104388934457586,6.193152056284327e-05,0.5,23.50352941537896,4439.380204885117,5.350288185321294,149.6089292124629,97902.53761944412,39.45486064585604,0.12589341188886374,1.508186376072537e-05,687.7013979952825,0.09423978788314626,0.14450849781978062,0.0,7,11,15,2723.0702180862427
3208,0.2820534592449436,6.440845467162183e-05,0.5,26.781936152640302,5408.703918259352,5.349383077338721,149.50145992959173,99865.5640635263,44.14759480239077,0.13919996571641188,1.6405842469601693e-05,692.6725626487906,0.09423978788314626,0.14450849781978062,0.0,7,11,15,2736.2888021469116
3223,0.283048703386782,6.747674416523225e-05,0.5,28.918599938227473,6522.7729166549925,5.3484123400424455,149.39427230176304,102029.08234904584,49.343129778131875,0.15356414959225614,1.960968143818625e-05,698.6099288605051,0.09295490456202149,0.1449001746271953,0.0,7,11,15,2748.670005083084
3238,0.28405475755038906,6.67354245693058e-05,0.5,26.129325199558032,5991.185222957722,5.34745874012837,149.28201400962476,104060.4165639188,53.04263395496711,0.16317440841471592,1.9806094100307055e-05,704.9047887052859,0.09466478517264826,0.1432904753969253,0.0,7,11,15,2761.07293176651
3252,0.2850002696481377,6.835650486888645e-05,0.5,26.82256508776547,6637.660201318252,5.346637759194349,149.17233575469913,106712.13278782516,57.50626210509926,0.17431990332281883,2.2483045000515434e-05,710.8751517699111,0.09466478517264826,0.1432904753969253,0.0,7,11,15,2772.6426701545715
3267,0.28604297884109775,7.16094763079805e-05,0.5,27.36670155706451,5327.8963710506405,5.345662473711391,149.04833131213206,109197.00877387442,61.614875634475744,0.18426011373266504,2.726853087706817e-05,717.1134496883575,0.09154751829553462,0.1443794165161156,0.0,7,11,15,2785.260641813278
3280,0.28700584706191584,7.511131129750064e-05,0.5,25.993108811745838,7433.3758265923325,5.345101636078132,148.9325621952894,111098.35877559967,65.1481987313662,0.19279885706989908,3.521211338346145e-05,723.2571614165174,0.09434528602318604,0.16095699623503368,0.0,7,12,15,2796.133849620819
3294,0.2880120484607709,6.856915759328895e-05,0.5,27.98881128944976,7916.730760208877,5.343928217486164,148.81450602735086,112532.04524088153,67.90785097170227,0.19938658389222103,3.446328745676728e-05,730.9798107766242,0.09434528602318604,0.16095699623503368,0.0,7,12,15,2807.8326427936554
3309,0.28902599796207074,6.765260674061822e-05,0.5,33.716809330005255,10140.322460770512,5.343243829546614,148.69512413723885,113936.80531957354,73.18814067668032,0.21291266318484844,3.197111408411292e-05,740.1342808308026,0.07193853928392498,0.22079039862771704,0.0,7,11,15,2820.297454357147
3324,0.29002750664439686,6.429872237716153e-05,0.5,37.425847307292884,9376.694826932677,5.342537589186106,148.57464169350243,115358.06923890753,79.63375045189089,0.22932584597351102,4.168883044094154e-05,749.9075119641745,0.07193853928392498,0.22079039862771704,0.0,7,11,15,2832.7615025043488
3340,0.2910553937959595,6.540379882485251e-05,0.5,31.63262930586179,6690.140255324598,5.341705995914271,148.4463749651359,115984.91853022933,86.98055792227223,0.24856541886681854,4.146862659313254e-05,758.1649586378387,0.07076387919017768,0.22224950683507508,0.0,7,11,15,2846.0345845222473
3355,0.2920690935724932,6.977431306423406e-05,0.5,30.941839615533144,11181.85680636941,5.340901044012816,148.30860031671355,117633.96949990603,92.05792544537479,0.26034983272343093,3.863434565983477e-05,767.2233783516639,0.07928407533080281,0.08535903708428118,0.0,7,11,15,2858.431333065033
3368,0.2930075598460501,7.399890129758449e-05,0.5,25.62581838972563,9277.27038144318,5.340038433504159,148.17342851235108,118058.02417047572,95.68862293049438,0.2694086605995545,4.3179167731779517e-05,776.8234787777501,0.07928407533080281,0.08535903708428118,0.0,7,12,15,2869.240372657776
3381,0.29402339118048126,8.294539083542982e-05,0.5,23.563976804876482,7944.307711107702,5.339189583316802,148.0303881055512,115979.24520275138,87.6469559450212,0.250299402434978,5.8592807695475156e-05,785.5705881051334,0.05920699929251329,0.2582616325892274,0.0,7,12,15,2880.0988228321075
3394,0.2950763125445749,8.068736594697827e-05,0.5,22.214790094117124,6890.346070069013,5.338170151370945,147.88090191799435,114020.51007429943,82.17949405108519,0.2374800477169996,4.89908302688723e-05,793.3804500527001,0.07684900527743578,0.08547788328160084,0.0,7,12,15,2891.044406414032
3406,0.2960559449371879,8.258416065507286e-05,0.5,22.112616644261315,5316.464192013915,5.337491061947055,147.74320298322476,112063.2226842292,76.17116218265728,0.22282462664375857,5.2965398056925575e-05,799.3595434243088,0.09283274673269265,0.17270872076605928,0.0,7,12,15,2901.100103855133
3418,0.2970612558951243,8.399175956118252e-05,0.5,22.660132375723563,4044.6804248867793,5.336532402590438,147.6048216419046,110113.22321905538,70.21644297035762,0.20791741778506323,5.9892313814639254e-05,804.0649740554074,0.06524793750510592,0.2480638405238102,0.0,7,12,15,2911.089833021164
3430,0.2980531500791064,8.114775138668435e-05,0.5,21.761590307773112,4383.615096910391,5.33567071399251,147.47163337907034,108541.94993839061,67.43742106614336,0.20141068006126922,3.992146675340561e-05,808.2449627098839,0.05713939866303607,0.34452874135550055,0.0,7,12,15,2921.1235761642456
3443,0.29907065268429983,7.448226066801435e-05,0.5,22.437791692550334,3836.5273485890925,5.33482978534677,147.33816009917345,107222.80166977654,64.33904736295737,0.19364688193645258,3.4442999723411124e-05,812.4269708865625,0.0624827967896427,0.07143717403989262,0.0,7,12,15,2931.9728388786316
3456,0.3000241018634491,7.575554341365119e-05,0.5,22.66949250134465,3612.4665540842007,5.333846811756459,147.21601267190027,106139.34758742497,61.12734380164355,0.1852261809800744,3.11313591711046e-05,815.9780894475582,0.09319086055005966,0.0559254945491282,0.0,7,12,15,2942.821745157242
3469,0.30104122790005344,7.905203433491335e-05,0.5,22.144203438085867,3609.2951605664534,5.333000196749276,147.08698938178324,105015.3314419259,57.06105574573863,0.17418812291544644,3.221593522432499e-05,819.6508103826201,0.07235409078605574,0.27176703095894833,0.0,7,12,15,2953.647177696228
3482,0.30207080495982724,7.669897878138471e-05,0.5,22.140621593128014,3965.6577735387336,5.33201461947776,146.95710896969567,103786.39922209775,51.46637899096501,0.15846720348742646,3.1545236414426376e-05,823.5503092675306,0.07235409078605574,0.27176703095894833,0.0,7,12,15,2964.4156889915466
3495,0.30304091946812306,7.46938272973876e-05,0.5,21.721698391510667,3382.086651598177,5.331120117837092,146.83663846423576,102773.2472944709,47.09044398119749,0.14599328767269534,2.699068662318303e-05,827.114386002568,0.07079124686174611,0.28285023418811384,0.0,7,12,15,2975.2232105731964
3508,0.3040303897103756,7.74234051815648e-05,0.5,21.63892125906522,3037.8503314488894,5.329827818007927,146.71504693381652,101909.02972605184,45.347132853355745,0.14128340638587128,2.83025444811035e-05,830.2905543034989,0.6361060639827372,0.738847320309699,0.0,7,12,15,2985.954713344574
3521,0.3050433968953357,7.925342869782037e-05,0.5,21.537627940312547,2995.0650244036865,5.3290345145125215,146.59160080050358,101155.55185648607,44.15415359192573,0.13814191141341206,2.8669337482287527e-05,833.3462476043663,0.6443430834290658,0.7285109773616976,0.0,7,12,15,2996.7085206508636
3534,0.30605245006580617,7.588342248151561e-05,0.5,21.823691657919813,2875.271882938828,5.328175267496035,146.46949892546834,100655.8623472417,41.73943042186558,0.1310390059187104,2.6446357658629422e-05,836.3079886384082,0.6443430834290658,0.7285109773616976,0.0,7,12,15,3007.5127930641174
3547,0.30702709848770415,7.522434932523749e-05,0.5,22.175069708044227,2688.400658002104,5.327461773982015,146.35261866472305,100339.39229736982,39.191848888227355,0.12335695611718576,2.5106409924144335e-05,839.0193009694009,0.6483843561546697,0.7232548958954697,0.0,7,12,15,3018.2918503284454
3561,0.3080414667301407,6.986027177463607e-05,0.5,22.412954871053362,3277.7420467935203,5.326518999670813,146.23216715594205,100113.35870175979,36.993385011895114,0.11666274677557487,2.03003718375765e-05,842.0452338141955,0.07334710738593966,0.10013270444641705,0.0,7,12,15,3029.9363877773285
3576,0.309055125883917,6.615565282316759e-05,0.5,22.6943126133753,3101.388854297748,5.325217362924882,146.11318463170085,99956.88557813558,35.350768125506924,0.11163353021309742,1.7043919628238394e-05,845.2783660297097,0.07334710738593966,0.10013270444641705,0.0,7,12,15,3042.344221830368
3591,0.3100366384299448,6.283777950977367e-05,0.5,22.684263084532933,2630.1364292615112,5.324215078964382,145.99888230242104,99818.7038768283,33.783087335996065,0.1068129010394463,1.472809503038883e-05,848.0911480165541,0.8586892016601477,-0.4314550009126628,0.0,7,12,15,3054.7429575920105
3608,0.31102782982849003,5.5320212198138346e-05,0.5,22.67181018096645,2627.284704328458,5.323777303019809,145.8849297473515,99801.34403906105,32.36887033410062,0.10239725149159579,1.1630882062098155e-05,850.6967033196264,0.8586892016601477,-0.4314550009126628,0.0,7,12,15,3068.8149995803833
3627,0.3120521440246278,5.349979738300901e-05,0.5,22.295661269368942,2613.6890388984543,5.3230104592946725,145.76775649405923,99874.52855077798,31.22829557441748,0.098788027573719,1.0542677117759903e-05,853.3809052230126,0.8586892016601477,-0.4314550009126628,0.0,7,12,15,3084.625667333603
3645,0.31302858411108003,5.5181854751832734e-05,0.5,21.887530518130692,2595.8533949952152,5.322446803831539,145.65531597613878,100006.2341911855,30.081234862593632,0.09512975111446549,1.152489632518269e-05,855.9243082552765,0.8586892016601477,-0.4314550009126628,0.0,7,11,15,3099.5281641483307
3663,0.3140390122360133,5.673093298241925e-05,0.5,21.331209777057293,2620.0312959453104,5.321495645455491,145.537770260053,100211.75111494752,28.990968982872783,0.09161703774687599,1.1789334377897424e-05,858.5594465493442,0.8737284850270146,-0.4063454907241144,0.0,7,12,15,3114.390152454376
3680,0.3150129968215944,5.8337527760728275e-05,0.5,20.837747097683113,2641.195255237283,5.320608805227376,145.42350679988502,100498.0000000444,28.33989511628139,0.08944851624423085,1.3872590764909777e-05,861.1216233303951,0.8737284850270146,-0.4063454907241144,0.0,7,12,16,3128.81249833107
3697,0.3160520073886519,6.425341676494524e-05,0.5,20.82904628449312,2653.976367881997,5.320048478485784,145.29958963644944,100856.96298083152,27.99213106608459,0.08820243441206284,1.724174822347045e-05,863.8724929657972,0.8737284850270146,-0.4063454907241144,0.0,7,11,16,3143.810512304306
3712,0.31705700819510063,6.741002434460047e-05,0.5,20.83070182189635,2660.285379963902,5.319202398309158,145.17723300414121,101210.33838693531,27.90290231732901,0.08777057886915779,1.9428725804018057e-05,866.5429116369295,0.8737284850270146,-0.4063454907241144,0.0,7,12,16,3157.0470407009125
3727,0.31805884378114674,6.642379930980046e-05,0.5,20.821609769723146,2662.1424319520834,5.318158962076042,145.05468403666234,101608.45432787461,28.01672415090905,0.08795424973618803,1.8332331525299268e-05,869.209010429999,0.8737284850270146,-0.4063454907241144,0.0,7,12,16,3170.23011636734
3742,0.3190554002324178,6.664593741853414e-05,0.5,20.75085985661436,2659.3138084056995,5.317701789619315,144.93220273771036,102033.48611610851,28.23639269528212,0.08845533450971797,1.99449117265892e-05,871.8605762032416,0.8737284850270146,-0.4063454907241144,0.0,7,12,16,3183.139268875122
3757,0.3200337137919579,6.315484197930842e-05,0.5,20.563300698898118,2650.9060529865465,5.316939179508143,144.81185096135073,102475.42248104046,28.450433177073172,0.0889302304337623,1.9007669333273495e-05,874.4581062505112,0.8737284850270146,-0.4063454907241144,0.0,7,12,16,3196.41201877594
3773,0.32100610732013485,5.893026213736883e-05,0.5,20.333317921468304,2635.9932633935305,5.3162049282251385,144.69323601385142,102944.89869257968,28.522503449628577,0.08895254301765956,1.698279894511941e-05,877.0285795901967,0.8737284850270146,-0.4063454907241144,0.0,7,12,16,3210.524868249893
3791,0.3220500542234509,5.791557872630242e-05,0.5,19.894259394066985,2612.1981099415802,5.3154115476549055,144.56597812233971,103457.23251402403,28.740009391583254,0.0894058444109771,1.6300483887096238e-05,879.7679961562983,0.8737284850270146,-0.4063454907241144,0.0,7,12,16,3226.3011560440063
3808,0.32304959017265855,6.004901859078555e-05,0.5,20.061142757356425,2582.287316976695,5.314482162809112,144.44319654103583,103931.24425317314,29.075500406934886,0.09023696093961482,1.8070227812192943e-05,882.3640336172183,0.8737284850270146,-0.4063454907241144,0.0,7,12,16,3240.77530837059
3824,0.32403432939358484,6.333573410112539e-05,0.5,20.335951177406493,2547.116666053334,5.313757281498758,144.32084284431545,104368.58220468629,29.1586522789682,0.0903053076749238,1.7185084915797076e-05,884.8895962582509,0.8737284850270146,-0.4063454907241144,0.0,7,12,16,3254.285858631134
3839,0.3250148573181225,6.669929651672753e-05,0.5,20.542274759823215,2507.7862481200286,5.313015698629272,144.19775634934422,104771.39945616265,29.36160167800389,0.0907556524976445,2.0520274219265083e-05,887.3678329898378,0.8737284850270146,-0.4063454907241144,0.0,7,12,16,3266.9559121131897
3854,0.32600604659641985,6.594429916766195e-05,0.5,20.598589463243442,2464.7962330379255,5.312529491386254,144.0733406071444,105176.8625405004,29.603245000772624,0.09132158692957032,1.9699565572594375e-05,889.8322182102243,0.8737284850270146,-0.4063454907241144,0.0,7,12,16,3279.648603439331
3869,0.3270002088970376,6.726092909571352e-05,0.5,20.655362638210015,2419.1227583400387,5.311656085281627,143.948607954096,105582.83433755494,29.958920527572847,0.09223331861757152,1.9675569129038944e-05,892.2599222804738,0.8737284850270146,-0.4063454907241144,0.0,7,12,16,3292.3280980587006
3885,0.32805877912083525,6.574378703013634e-05,0.5,20.85135938326983,2368.002078252266,5.310820352292188,143.81558346055374,106037.72310584298,30.603243722711845,0.09399898380234498,1.9885678647624876e-05,894.7936761852832,0.8737284850270146,-0.4063454907241144,0.0,7,12,16,3305.85010266304
3900,0.32901626806850426,6.16443538052686e-05,0.5,21.77011187091097,2319.541774638689,5.310119060197868,143.69532977032122,106478.82859869354,31.106274763967118,0.09533339160476967,1.8539860352587824e-05,897.0378119007116,0.8737284850270146,-0.4063454907241144,0.0,7,12,16,3318.517617225647
3917,0.3300316221351309,5.8490661914448366e-05,0.5,22.67447547396093,2329.0739010605257,5.309200952610225,143.56778492720585,106969.98088282422,31.607919254741997,0.09663511411312352,1.9422008382284756e-05,899.3978073159643,0.6002538981883359,0.7836353561963313,0.0,7,12,16,3332.859769821167
3935,0.3310484296947798,5.475965723716594e-05,0.5,23.40193443832123,2366.9125718231317,5.308579827759728,143.43961921858858,107466.78684125529,32.44641518374167,0.09894526461483234,1.8261210041154476e-05,901.785264588783,0.6002538981883359,0.7836353561963313,0.0,7,12,16,3348.048141002655
3953,0.33202259980228943,5.4061596009078364e-05,0.5,23.878404997736055,2401.6062576049167,5.308003842740022,143.31614318096982,107938.9552921635,33.48097305278028,0.10184512770306507,1.5772566545051243e-05,904.1079388391457,0.6002538981883359,0.7836353561963313,0.0,7,12,16,3363.221755027771
3971,0.33300626695025787,5.523214170752576e-05,0.5,23.8471752168932,2442.8641720676815,5.307169079886396,143.1900291885139,108391.6088187837,34.39598593863402,0.10438052482288876,1.755331866926284e-05,906.4906120446325,0.6080856315095277,0.7739359190842346,0.0,7,12,16,3378.4018003940582
3989,0.33400928985617984,5.60679102570193e-05,0.5,23.45541298181491,2486.345777877996,5.306277972936014,143.060580438973,108855.57260667275,35.08193647870019,0.10621234754712584,1.997438277709536e-05,908.9626672885795,0.6080856315095277,0.7739359190842346,0.0,7,12,16,3393.638367652893
4007,0.3350211055529608,5.60350777070106e-05,0.5,22.610180711073728,2529.1022173479073,5.305548456020845,142.9302658404207,109329.46122732385,35.67648790488453,0.10775779862402847,2.189147735023333e-05,911.5000217925585,0.6080856315095277,0.7739359190842346,0.0,7,12,16,3408.8242971897125
4025,0.3360247109680731,5.520690706493607e-05,0.5,21.454501056796385,2570.1828480458903,5.304614420789253,142.80102223868693,109768.71987879572,36.39429469997334,0.10968032253317428,1.9577360217665537e-05,914.0588568449739,0.6080856315095277,0.7739359190842346,0.0,7,12,16,3424.017050743103
4043,0.33700179316864576,5.3498234898842987e-05,0.5,21.595543878695537,2608.5629823189706,5.304017506624446,142.67486002166817,110182.55719982111,36.89259982605547,0.11095520995523687,2.368797109965565e-05,916.5888870310436,0.6080856315095277,0.7739359190842346,0.0,7,12,16,3439.2045900821686
4062,0.338006822420206,5.237776805992776e-05,0.5,22.213171718225865,2649.766671965071,5.303297881750273,142.54469700286722,110596.63891045081,37.445468964133674,0.11238686718002333,2.433562820482729e-05,919.2312745894947,0.6119575059965986,0.7690091874733014,0.0,7,12,16,3455.2199437618256
4081,0.3390025409811578,5.285760303720071e-05,0.5,22.83299210892064,2935.43455186748,5.302703839892215,142.4144376729228,110979.45967865737,37.93964529784961,0.11365555017610511,1.9899889821586433e-05,922.0119188521049,0.012415110533610161,0.31092371519690004,0.0,7,12,16,3471.2080488204956
4100,0.3400335442453117,5.587028381132979e-05,0.5,23.424945447393064,3397.4106912839,5.301975141945131,142.27742809301867,111322.49075540158,37.884309607147976,0.11331836567588156,2.9921255791740742e-05,925.2765109106402,0.012415110533610161,0.31092371519690004,0.0,7,12,16,3487.2933356761932
4117,0.3410070177484132,5.745941627757558e-05,0.5,23.816897401995586,3739.193848167482,5.301017303168268,142.14646759675858,111587.62993882362,37.486168859650455,0.11201083230961864,2.59018449942886e-05,928.7501586212752,0.012415110533610161,0.31092371519690004,0.0,7,12,16,3501.804451942444
4135,0.3420162842008673,5.523722291592792e-05,0.5,24.12856783099998,3940.677437980074,5.300043339551088,142.01091801856356,111851.1609817363,37.16567475819428,0.11093619537489807,2.2618158214882526e-05,932.6256768454125,0.012415110533610161,0.31092371519690004,0.0,7,12,16,3517.052290201187
4153,0.34300814897832427,5.5403150406250664e-05,0.5,24.247057556536774,3988.94178590581,5.299325741955538,141.87814783993787,112087.90282621248,36.820568663885545,0.10980480361348974,2.5715128979337336e-05,936.5582318488214,0.012415110533610161,0.31092371519690004,0.0,7,12,16,3532.3179938793182
4171,0.3440246183162915,5.747423643939614e-05,0.5,24.217392052989066,3907.682866089219,5.298391081289415,141.74190768049868,112325.9337978216,36.93659559618979,0.11003261479642745,2.4988522729931567e-05,940.571570264916,0.012415110533610161,0.31092371519690004,0.0,7,12,16,3547.5362107753754
4188,0.34501900018879783,5.927263390327631e-05,0.5,24.11212835211212,3725.2194582568964,5.297850304346868,141.60787957458436,112588.6403719303,37.20166511087864,0.11068616212721148,2.751381817536757e-05,944.3665801178865,0.012415110533610161,0.31092371519690004,0.0,7,12,16,3561.8923528194427
4205,0.3460204080124211,5.918484169649969e-05,0.5,23.809858768337804,3935.4588591094903,5.296979007968355,141.47272145785067,112886.7073223902,37.823882611488045,0.11236861067852257,3.0254676329946036e-05,948.2023117185225,0.009108937280022721,0.363893102190284,0.0,7,12,16,3576.238183736801
4222,0.3470393860349299,6.074210176768276e-05,0.5,23.502326755107642,4430.287552874289,5.296177821220947,141.3348848159595,113212.86587342243,38.791679177629234,0.11504292007430891,2.712962635032422e-05,952.4645675863691,0.009108937280022721,0.363893102190284,0.0,7,12,16,3590.553782224655
4238,0.3480290675781868,6.266507155274842e-05,0.5,23.87964041280547,4557.929965881684,5.295209796276981,141.2002310067991,113505.40748655172,39.0509632590758,0.11565420042576889,2.8954679968013733e-05,956.9123040789146,0.009108937280022721,0.363893102190284,0.0,7,12,16,3604.0580558776855
4254,0.34902961767296,6.300229855702793e-05,0.5,23.931314289019085,4307.019980830234,5.294280912735615,141.06354948670324,113775.07335810669,38.75208683534712,0.11464566617982262,3.0108801257962815e-05,961.3472173335857,0.009108937280022721,0.363893102190284,0.0,7,12,16,3617.5835978984833
4270,0.3500216547372527,6.065870388133468e-05,0.5,24.154444175182594,4290.037020603094,5.293433236857567,140.92850778241527,114054.43001631739,38.52509771331305,0.11384400844362999,2.6901934086866458e-05,965.6115169282153,0.00036641937203316343,0.3678402410841036,0.0,7,12,16,3631.1124184131622
4287,0.3510352911864505,5.90676097194502e-05,0.5,24.653966417393463,3746.8722383808863,5.292713835836481,140.7915124981351,114353.12175314307,38.66351731436172,0.11409915138448502,2.47086972817673e-05,969.6847690101159,0.00036641937203316343,0.3678402410841036,0.0,7,12,16,3645.4778151512146
4304,0.35203864521818756,5.9177760979694975e-05,0.5,24.29285624143592,3943.5180359725196,5.291857938963183,140.65621324873393,114657.1237306325,38.443252643918925,0.1133072375698093,2.450086425879682e-05,973.542861053818,0.00044412577185812746,0.4161991329263236,0.0,7,12,16,3659.8410799503326
4321,0.3530507224989788,5.9847027558356847e-05,0.5,24.73344281263752,4253.17832599972,5.291023213371145,140.52018552886486,114987.0939313117,37.86040745167929,0.11145110803176869,2.339748469605154e-05,977.6907061365661,0.0004249478344004112,0.435498855121152,0.0,7,11,16,3674.193831682205
4337,0.35401423117165104,6.062031276941354e-05,0.5,24.633581331725928,4995.7810125936185,5.290176794103674,140.39045941411956,115318.98755652356,37.3299529819084,0.1097513467504646,2.2623483101284867e-05,982.14643240453,0.0004249478344004112,0.435498855121152,0.0,7,11,16,3687.669491291046
4354,0.35505868659420237,6.23742392583842e-05,0.5,24.110350311334273,5130.5363186189525,5.289259973509964,140.24896288042822,115668.572869004,37.365103302957024,0.1096890314999094,2.4829544300436824e-05,987.4346759280602,0.0004249478344004112,0.435498855121152,0.0,7,12,16,3702.0320863723755
4369,0.3560051736127188,6.274457715150501e-05,0.5,24.59117887804156,4716.856262323162,5.28842861237478,140.1202387531832,116001.50995278526,38.05105463998395,0.11151869155605314,2.5621102047677075e-05,992.0948905501084,0.0004249478344004112,0.435498855121152,0.0,7,12,16,3714.7155549526215
4386,0.3570486683525675,6.011497556848476e-05,0.5,24.896768218032403,5288.788120763479,5.287741615480913,139.97864373637972,116422.5978173106,38.40296347962245,0.11233428083348554,2.4806121252519777e-05,997.3153091913823,0.0003377818467478291,0.4543923940528666,0.0,7,12,16,3729.100192785263
4403,0.35805514806955796,5.888121185779235e-05,0.5,24.98970715347198,5208.109164714673,5.2869686699249,139.842157722353,116852.33068879262,37.86427593178584,0.11057461213549392,2.2153901312470577e-05,1002.5977662959654,0.0003377818467478291,0.4543923940528666,0.0,7,12,16,3743.481766939163
4420,0.35905852647109626,5.930488501891564e-05,0.5,24.931372918366876,6392.54062510776,5.286281681601793,139.70603869977748,117338.42323498518,37.514267025709266,0.10933766791330594,2.2574554722542133e-05,1008.4176870174242,0.00039207962759939036,0.47449536145103677,0.0,7,12,16,3757.844892978668
4436,0.3600166850961325,6.084000138846063e-05,0.5,24.68723056300992,6363.831300679879,5.285516731210907,139.57574513426897,117859.55986602593,37.51881413807913,0.10910857436442392,2.4431953704338237e-05,1014.529000909856,0.00039207962759939036,0.47449536145103677,0.0,7,12,16,3771.3643712997437
4452,0.3610151864252578,6.373140616139489e-05,0.5,24.281940689933464,5353.355413942348,5.284709497409337,139.43877386561084,118401.05102199025,37.818601827818874,0.10971794760924883,2.755291090892698e-05,1020.3788141639359,0.00039207962759939036,0.47449536145103677,0.0,7,12,16,3784.898311853409
4468,0.3620540776312126,6.561225096739602e-05,0.5,23.72800699182996,4101.864056300427,5.2839359919065085,139.29488571081373,119010.43408103583,37.942835171912066,0.10979221826350809,2.8426810310620112e-05,1025.2902863429397,0.00039207962759939036,0.47449536145103677,0.0,7,12,16,3798.413390159607
4483,0.3630353350433762,6.47158811123617e-05,0.5,23.080417873904004,4186.114393710891,5.283263184893331,139.1584192365824,119716.47667407307,37.61760435209612,0.10854169967764686,2.7665375542492306e-05,1029.3566064859026,0.5456230486224335,0.8515703285163856,0.0,7,12,16,3811.104504108429
4499,0.36405678182503304,6.326086882253512e-05,0.5,23.376604183649818,4310.441270749653,5.282499382143421,139.0163788766073,120614.08876794517,37.03521171699237,0.1064832544633842,2.5245572557529443e-05,1033.6959962052183,0.5456230486224335,0.8515703285163856,0.0,7,12,16,3824.6218073368073
4514,0.36500364166056243,6.319843048502271e-05,0.5,23.52110185998619,4548.0864649120995,5.281626846204335,138.88439820644348,121579.78669378898,36.32429954169794,0.10404709480420819,2.64212356388519e-05,1037.889888262629,0.5599727791439478,0.8336124692100089,0.0,7,12,16,3837.2973589897156
4530,0.36602146216270265,6.405647150181945e-05,0.5,23.47133666890211,4872.772970390986,5.281009574525121,138.7418060859004,122788.34563568706,35.67128563356083,0.10169333729795627,2.6182340172036337e-05,1042.6842602031454,0.5599727791439478,0.8336124692100089,0.0,7,12,16,3850.824311733246
4546,0.3670408933352473,6.241459059665856e-05,0.5,23.225972198448677,5185.245560606357,5.279909943530899,138.59798950055625,124222.29841059545,35.15521888904976,0.09965802108274954,2.460889934808741e-05,1047.8109890154108,0.5599727791439478,0.8336124692100089,0.0,7,12,16,3864.355733394623
4562,0.36803086283883746,6.183970193040208e-05,0.5,22.951658947082773,5476.493672501054,5.279234843082195,138.4571650382422,125802.65901532295,34.81058975926701,0.09806997265645045,2.1116443238097835e-05,1053.0883873634143,0.5599727791439478,0.8336124692100089,0.0,7,12,16,3877.8913238048553
4578,0.3690190672749732,6.165122049149978e-05,0.5,22.698711157743716,5753.09236874557,5.278604371082813,138.31441128162427,127476.62132099076,34.94180924089834,0.09778880564264679,2.202977981651146e-05,1058.6369507343782,0.5599727791439478,0.8336124692100089,0.0,7,12,16,3891.419263124466
4594,0.37001556700376265,6.333618045609954e-05,0.5,22.487808785221706,6017.075046386197,5.277877171656885,138.1681530345953,129190.30116912488,35.5369969944634,0.0987777386942093,2.1305788184800867e-05,1064.5014350528709,0.5599727791439478,0.8336124692100089,0.0,7,12,16,3904.9525094032288
4610,0.3710662179343835,6.822927864285387e-05,0.5,22.316158228346726,6331.808295598673,5.276765065247668,138.01160706838127,130982.3445483499,36.231517583380395,0.0999991509012427,2.4130978947150757e-05,1070.9886179405632,0.5707557367143019,0.8202971940440518,0.0,7,12,16,3918.4825913906097
4624,0.37202989021751853,6.884608461329265e-05,0.5,22.159859825186977,6670.519306492647,5.275732397042826,137.8668939711975,132601.03723764903,36.58076597599583,0.1003366724331979,2.3143994668256697e-05,1077.2536093037518,0.5707557367143019,0.8202971940440518,0.0,7,12,16,3930.365062713623
4639,0.3730631143672092,6.893153570793283e-05,0.5,21.962751078015632,6971.791306881275,5.274782855240852,137.7112868482674,134287.8979639644,36.453625999893205,0.09936285038913371,2.3503099424761774e-05,1084.3013916954112,0.5707557367143019,0.8202971940440518,0.0,7,12,16,3943.021749019623
4653,0.37402957071090737,6.914457859377436e-05,0.5,21.766581587300266,7190.125115259206,5.274478223719803,137.56460908466258,135783.89666411624,36.147351561953144,0.09799297133203701,2.2127761857092668e-05,1091.1448286779619,0.5707557367143019,0.8202971940440518,0.0,7,12,16,3954.8400568962097
4668,0.37505255797332016,6.609829073642883e-05,0.5,21.68617460370204,7356.40496649159,5.273280182938883,137.4080533037414,137269.19551794228,36.03386895736542,0.09715933433566026,2.077106998592903e-05,1098.5852861709295,0.5707557367143019,0.8202971940440518,0.0,7,12,16,3967.5345788002014
4683,0.3760248384835294,6.455877501413416e-05,0.5,22.245756675783984,7467.133481482504,5.272396747703941,137.25870966002984,138656.25730772302,36.36556351508942,0.09755448933898311,1.9278834062373885e-05,1105.7916049335809,0.5707557367143019,0.8202971940440518,0.0,7,12,16,3980.3158469200134
4699,0.3770565807105992,6.455087558527449e-05,0.5,23.903526749405906,7533.465449680717,5.271670563322893,137.09918583875563,140136.975301707,37.18895456990026,0.09921449971024184,1.9346375697882785e-05,1113.5299806078906,0.5707557367143019,0.8202971940440518,0.0,7,12,16,3993.8822872638702
4714,0.37804430336166694,6.571303717135384e-05,0.5,25.54534468377638,7545.434640957478,5.270355024200245,136.94535983278294,141635.72121687574,38.635045055358184,0.10248734248550206,1.9545304623323145e-05,1120.9768661942458,0.5707557367143019,0.8202971940440518,0.0,7,12,16,4006.6691932678223
4729,0.3790034185761813,6.318997296553897e-05,0.5,27.24960248952212,7514.3388719585955,5.269611601635602,136.79551296167696,143320.85473167474,40.79564310389114,0.10751839007582083,1.8281797105768174e-05,1128.1988951459348,0.5707557367143019,0.8202971940440518,0.0,7,12,16,4019.423872232437
4745,0.3800178673114665,6.344829249292744e-05,0.5,30.84188607270506,9688.61941008163,5.268569768014616,136.63435699687724,145371.01924397828,43.55346135854141,0.11388675567308701,1.9682274669560377e-05,1136.9246547821244,0.10244151939826458,0.3572623777656873,0.0,7,12,16,4032.9612073898315
4761,0.38104044214338056,6.467705317481087e-05,0.5,27.142685073605858,7313.726350038753,5.26754086449736,136.46758027537948,146855.67747132602,45.17208059356969,0.11746602329887984,2.231165060517264e-05,1145.6177402110245,0.5707557367143019,0.8202971940440518,0.0,7,12,16,4046.49653673172
4776,0.3820438890215578,6.941579071524996e-05,0.5,24.96943874376967,8068.588914172121,5.266251982663941,136.30030705726887,148520.4451675848,46.69270176136842,0.12068462806005599,2.7348819836767802e-05,1153.3354083265297,0.1093426970074914,0.3515448863152582,0.0,7,12,16,4059.1797590255737
4790,0.3830274236881236,7.043219782210083e-05,0.5,22.53476557059745,9601.732729323316,5.2652985698130035,136.13321019746957,149989.63225074395,48.22744673158242,0.1239824431003863,3.017941003902803e-05,1162.0250952794026,0.1093426970074914,0.3515448863152582,0.0,7,12,16,4071.01557970047
4804,0.38401605886349255,7.075093086040898e-05,0.5,21.501680540638475,7463.279484468362,5.264420395876343,135.9640214197462,150513.0238139636,47.70733576078811,0.12245156839791918,3.107254281690097e-05,1170.4606309507303,0.10857040574779513,0.35081929003752027,0.0,7,12,16,4082.8566439151764
4818,0.38500921063221066,7.113340937549785e-05,0.5,21.248818449723547,6999.503013530626,5.263736452014293,135.79337664740024,151003.97118332607,47.86821214608024,0.1226573507232617,3.664446064357738e-05,1177.642499959967,0.5743506405089931,0.8157024066824476,0.0,7,12,16,4094.7431070804596
4832,0.38600942643534225,7.163360461586476e-05,0.5,23.351805664480636,6853.801838113641,5.262580263395332,135.62280228535417,151910.17757134786,50.134769116997546,0.12798869195823448,3.9190222393499716e-05,1184.570647179074,0.5743506405089931,0.8157024066824476,0.0,7,12,16,4106.644589185715
4846,0.3870025154390095,6.982103694247216e-05,0.5,26.907224454990505,6672.275045003642,5.261356570249809,135.4566957152171,153195.45836591205,54.2170302289878,0.13764126809927008,3.8516776434453286e-05,1191.2869462867648,0.5743506405089931,0.8157024066824476,0.0,7,12,16,4118.479991674423
4861,0.3880277047156852,6.712031979944395e-05,0.5,28.60994182155624,6439.70015539183,5.260490129924486,135.28381389675064,154762.49573919602,58.45453236426739,0.1474264247065743,3.6021943522886665e-05,1198.0080744725065,0.5802834360891272,0.80840769725601,0.0,7,12,16,4131.154326915741
4876,0.389016273231058,6.489451733501348e-05,0.5,26.96357368588169,7489.6370847157,5.259686059388361,135.11174690764454,155632.26784820762,60.80940360470478,0.15280169323642545,4.229782316082705e-05,1204.8931265902963,0.08742849140629039,0.3570649408162555,0.0,7,12,16,4143.842105150223
4892,0.39003712325708895,6.299360703771802e-05,0.5,26.875133755441272,10855.96438917245,5.259025705830033,134.92827608596903,156418.50264038824,58.62142402542321,0.14705320595508364,3.4830372019437496e-05,1214.2571804613826,0.08799835061800143,0.35595044757154887,0.0,7,12,16,4157.3516347408295
4908,0.3910497762396457,6.401762576422587e-05,0.5,21.50456717512601,12509.580265935234,5.258134661779478,134.74805361111865,155347.52227685667,56.50787039361725,0.14233406703034254,4.430550805185669e-05,1226.0877747034117,0.09002688773457061,0.36994328811554494,0.0,7,12,16,4170.893462181091
4923,0.3920261366493084,6.706827201994764e-05,0.5,21.701066033556945,9131.387094405642,5.257411348821875,134.57561369016435,153681.77434724077,56.836348465994604,0.1438999412726957,4.690840198064547e-05,1236.6524665821314,0.09002688773457061,0.36994328811554494,0.0,7,12,16,4183.571589946747
4938,0.3930609663938531,6.833861883285824e-05,0.5,21.950693614783955,5874.941996186001,5.25651464525498,134.3950121023065,151526.3883046528,55.351831110802706,0.14118905350481142,4.401616581157363e-05,1244.4169644318165,0.5856648991090068,0.8015676122151976,0.0,7,12,16,4196.292205572128
4952,0.3940034657806092,6.659499179064658e-05,0.5,22.206640506958827,6258.509195303737,5.255723891547369,134.23374791006705,149841.02222115413,52.89217298073913,0.13577387247558995,5.927736917309251e-05,1250.1348495854236,0.09842191124596325,0.4301083021912361,0.0,7,12,16,4208.232264518738
4968,0.39506237964838775,6.596923841663555e-05,0.5,22.54959522976751,5766.28353569241,5.254751449272987,134.05735792237058,148196.63877182486,50.6684601785454,0.13087040171684064,4.025042924967897e-05,1256.501459475431,0.5904531709693249,0.7958606512522061,0.0,7,12,16,4221.786869287491
4983,0.39605220155925736,6.679800581420503e-05,0.5,22.884461889086428,5683.723105555257,5.254077110208942,133.89464125498168,146764.6597663438,47.530885699556805,0.1234801161480933,4.9270458927597436e-05,1262.1681932019856,0.5904531709693249,0.7958606512522061,0.0,7,12,16,4234.521625757217
4997,0.39700359302082067,6.764957086759444e-05,0.5,23.268591652825297,5479.660417540275,5.2533151619373974,133.73685511904588,145527.41208884688,46.0029869028515,0.12006648729668885,4.446713712240397e-05,1267.4785670850003,0.5904531709693249,0.7958606512522061,0.0,7,12,16,4246.369400978088
5012,0.39801026953567087,6.67281534251064e-05,0.5,23.60285158632157,5134.640954820377,5.252585154593829,133.5688890935637,144148.63999501322,46.19054983698675,0.12111359425578155,4.86859636801239e-05,1272.8211510415492,0.5931814743184548,0.7922376254953982,0.0,7,12,16,4259.102628707886
5027,0.3990099501379681,6.643380352104276e-05,0.5,24.068084392828744,4843.06914928818,5.2517162477665025,133.40050818347632,142543.40425458792,46.4828838119674,0.12254132257173027,5.0978336067908954e-05,1277.8084126647605,0.5931814743184548,0.7922376254953982,0.0,7,12,16,4271.833299636841
5043,0.40005604219580704,6.40869211376497e-05,0.5,24.520335535611853,5178.922648943711,5.250958003085263,133.22525841497404,141134.67206638562,46.76161449003358,0.12386753790856063,4.037297716567302e-05,1283.0503756766893,0.6049151129797773,0.7778815083118228,0.0,7,12,16,4285.385930776596
5059,0.4010567834241638,6.120992934054396e-05,0.5,24.922923547437005,5249.743941009149,5.2501515551124704,133.05899128147658,139994.63676194896,46.09626359641523,0.1226186257238544,4.6266695369177774e-05,1288.2685739833655,0.6049151129797773,0.7778815083118228,0.0,7,11,16,4299.171668767929
5075,0.4020148233815067,5.883591416390604e-05,0.5,25.249223252058428,4898.919280602673,5.249529512221652,132.90002518160657,138966.9348931934,44.74916477761345,0.11951852585926895,4.507338977876356e-05,1293.1299864233256,0.6049151129797773,0.7778815083118228,0.0,7,11,16,4312.859591960907
5093,0.4030571131951045,5.717340865203888e-05,0.5,25.67770401581814,4406.299272732616,5.248819460663032,132.72685988256663,138202.45417830534,43.392664134664706,0.11625856318013308,3.557925761160301e-05,1297.979353679047,0.6167237332848706,0.763124198257241,0.0,7,12,16,4328.151288509369
5110,0.4040211818100122,5.6571342698469114e-05,0.5,25.907096465955398,4773.445031372681,5.24812854160002,132.565487388296,137820.74852180912,42.81732887254494,0.11489139841793265,3.699174196342569e-05,1302.4043053672797,0.6207441290207955,0.7581773585169681,0.0,7,12,16,4342.574253082275
5128,0.4050444882123355,5.723457948451809e-05,0.5,26.21613441169602,4932.1738813424145,5.247088836761325,132.39194612499233,137674.97507608772,41.633445833709665,0.11180991512614426,3.8958316356583916e-05,1307.3702163532257,0.6207441290207955,0.7581773585169681,0.0,7,12,16,4357.781622886658
5145,0.4060288184338348,5.857442208089259e-05,0.5,26.441530704603576,4328.108636660343,5.246566617429084,132.22296110481471,137795.02221809071,41.16769761836766,0.1105232891758585,4.2942673168850764e-05,1311.9278043242716,0.6207441290207955,0.7581773585169681,0.0,7,12,16,4372.142063617706
5162,0.4070406227177984,6.043290929298011e-05,0.5,26.752191011716533,4112.691119365214,5.245793495723381,132.04679468695255,138091.12198057465,40.64884076350228,0.10902750881473917,3.941199391459276e-05,1316.1980230008844,0.6327942127492736,0.7429949401753825,0.0,7,12,16,4386.5156099796295
5178,0.40802279653797224,6.213770740928064e-05,0.5,27.065134471890676,4142.67412745571,5.245104100574013,131.8723834035586,138506.77964781979,40.37034906454487,0.10812480519181361,4.5058003676609e-05,1320.2521248115847,0.5511663142090816,0.8446516445766608,0.0,7,11,16,4400.047775030136
5194,0.4090259909627943,6.317659188031197e-05,0.5,27.318761788624165,4362.09178545833,5.244634298494865,131.6894734484395,139037.29152947615,39.94604519691563,0.10679547524872474,5.1935011822459275e-05,1324.5180916857107,0.5591651777217472,0.8346969104878763,0.0,7,12,16,4413.620363235474
5210,0.4100530917413699,6.563329842569904e-05,0.5,27.47277606316786,4678.427034077499,5.243953726290655,131.49704312475248,139757.96016188743,39.98877881408062,0.10663121607616641,5.429296330655683e-05,1329.160853644847,0.5591651777217472,0.8346969104878763,0.0,7,12,16,4427.226341724396
5224,0.4110036184054599,6.833096063324998e-05,0.5,27.57733196325161,4678.24557683783,5.243388758186051,131.3126805657277,140331.64007079718,39.6067619685518,0.10540650931792857,6.7819776453501e-05,1333.607737046765,0.6535276700069137,0.7169704505963275,0.0,7,12,16,4439.203865766525
5239,0.41200724490443597,6.537260547146489e-05,0.5,27.672954888304538,4596.483440127088,5.242657437059,131.11575799455915,140839.3584722391,40.26600169193676,0.10694614467481285,6.846798123473066e-05,1338.261918952889,0.5728974684951753,0.8177093426435005,0.0,7,12,16,4452.011430263519
5255,0.4130354020217768,6.340425851252126e-05,0.5,27.93175442646839,4641.917346641313,5.241698445636054,130.91415808470904,141413.29061760457,40.805720889935714,0.10814147147132877,6.662638690357008e-05,1343.0111827137705,0.5773631539655076,0.8119623431758916,0.0,7,12,16,4465.577787399292
5271,0.41404438440848257,6.312868597110926e-05,0.5,28.042112489570766,4504.891964095308,5.241177157888228,130.71534634707677,141947.5889707472,41.499517648765504,0.10974973632968658,6.98389766981611e-05,1347.6256674583153,0.5802834360891272,0.80840769725601,0.0,7,11,16,4479.1631627082825
5286,0.4150015220245391,6.463021038787234e-05,0.5,28.198347064452165,4425.436643227097,5.239912315728767,130.52380687185249,142345.02613555544,40.85713474286599,0.10791849127985903,7.691598378701106e-05,1351.8994441752222,0.5925808848134514,0.7931370067411315,0.0,7,11,16,4491.858743429184
5302,0.4160554823159503,6.691266050824968e-05,0.5,28.109492579907943,4509.484730049781,5.239141812653181,130.30921749200692,142703.11475263548,40.584545228662115,0.10707049858244345,7.906867086249202e-05,1356.6079703423798,0.5925808848134514,0.7931370067411315,0.0,7,11,16,4505.426890611649
5316,0.4170010992411041,6.773148214838803e-05,0.5,27.925512313621503,4570.142114274787,5.2382526987738816,130.11404990427914,142901.93031159433,40.48847625327399,0.10674385993051223,8.514771337795754e-05,1360.900894751417,0.6922862124204316,0.6675938376027997,0.0,7,12,16,4517.295624256134
5331,0.4180069788048142,6.669550827319585e-05,0.5,27.810551408610614,4405.904922670617,5.237028202114046,129.90550519446987,142941.93398476386,41.84723229568725,0.11026551378323289,8.715637909961325e-05,1365.4153058900988,0.6002538981883359,0.7836353561963313,0.0,7,11,16,4529.987097024918
5346,0.419008798589742,6.705867187089675e-05,0.5,27.49728519935697,4430.839860610794,5.235933425046731,129.69614595569647,142911.76412749448,40.869451944481945,0.10772839774101094,8.97447585078759e-05,1369.8417187692232,0.7057057052979745,0.6503218787473949,0.0,7,11,16,4542.62916636467
5361,0.4200233629404568,6.825283514852428e-05,0.5,27.33025825913111,4304.912872707779,5.234680677380874,129.48163773575865,143130.9180565761,39.86810419501008,0.10503631477990978,8.32307226479934e-05,1374.2732104191655,0.6080856315095277,0.7739359190842346,0.0,7,12,16,4555.2884476184845
5376,0.4210621064988553,7.016925783637722e-05,0.5,26.999043749524684,4271.816272616099,5.233294328563461,129.259244353478,143390.03018968395,39.87746552987397,0.10496419981248852,9.018350406426473e-05,1378.7277214950825,0.6119575059965986,0.7690091874733014,0.0,7,12,16,4568.054154634476
5390,0.42205917377432756,7.220036998381897e-05,0.5,26.81211780149367,4244.702298444937,5.231719401197996,129.0437716185329,143669.8164496056,41.05538990914614,0.10792244886233958,9.786383355886215e-05,1382.973492479161,0.6119575059965986,0.7690091874733014,0.0,7,12,16,4579.925102710724
5403,0.42301380814940104,7.424268243847837e-05,0.5,26.912327968045048,4230.097431411824,5.22934964830114,128.8363577623791,143705.28229761217,40.241082621132186,0.10579116695311921,9.634796992735743e-05,1387.0186600511533,0.6119575059965986,0.7690091874733014,0.0,7,12,16,4590.976513147354
5417,0.42407239108433376,7.660574346482367e-05,0.5,27.47146757142829,4218.486730384618,5.227360796699836,128.60598493255426,143404.45180554682,39.56799109869352,0.1041472214022846,0.0001103735253951168,1391.4904235601637,0.6119575059965986,0.7690091874733014,0.0,7,12,16,4602.82625412941
5430,0.4250403085184385,7.249290033016427e-05,0.5,28.10824701554161,4204.760257806638,5.225624143387882,128.3976553775255,142943.37295817918,39.86905684604672,0.10509698926222472,9.935615183995806e-05,1395.566927365984,0.6119575059965986,0.7690091874733014,0.0,7,12,16,4613.839101314545
5444,0.42602667908642283,6.903457808010598e-05,0.5,28.460756725553953,4184.004649534313,5.223293429919137,128.189991005032,142391.26888117066,40.90883167028177,0.10801168019448185,7.86750196232638e-05,1399.7041427691545,0.6119575059965986,0.7690091874733014,0.0,7,11,16,4625.690773963928
5459,0.4270509681737285,6.822517294632827e-05,0.5,28.875280864851973,4153.756001941779,5.218895411947706,127.97782055563017,141835.8394904279,42.233398681183104,0.1116802511522268,8.754970081774346e-05,1403.9742813930914,0.6119575059965986,0.7690091874733014,0.0,7,12,16,4638.374722003937
5473,0.42802301121043834,6.99565723327633e-05,0.5,29.53229449808334,4163.7216061345625,5.217401493079875,127.7774990544432,141231.90075237525,42.408461039225706,0.11237282252147338,9.536656117734622e-05,1408.0167544890517,0.6280159629354652,0.749081494083967,0.0,7,12,16,4650.213912963867
5488,0.4290546049442702,6.780970880680259e-05,0.5,29.661506729741788,4172.456728586058,5.212125989383078,127.56774825935068,140606.07580146418,41.55406566002093,0.11037738522165581,9.233525006714223e-05,1412.3165291561531,0.6280159629354652,0.749081494083967,0.0,7,12,16,4662.915287733078
5503,0.4300595902503034,6.65481969853202e-05,0.5,29.877163658025328,4173.510199403115,5.20942816464791,127.36748415604559,140005.08771991235,40.46325559383005,0.1077407149799798,0.00010303138279206695,1416.510316219787,0.6280159629354652,0.749081494083967,0.0,7,12,16,4675.621344804764
5518,0.43106048585779716,6.72459258971605e-05,0.5,30.1679907032614,4164.702639657904,5.204540710477474,127.17087457207167,139411.04480567842,39.65449798910733,0.10583284299449251,9.420131079391425e-05,1420.6831565222692,0.6280159629354652,0.749081494083967,0.0,7,12,16,4688.352235078812
5532,0.43202418765915446,7.076123758185798e-05,0.5,30.399108137594823,4146.8377498547425,5.198962844224044,126.981732850659,138875.83182478245,40.16782855185713,0.10739029864057785,9.481366396044584e-05,1424.6880797449828,0.6280159629354652,0.749081494083967,0.0,7,12,16,4700.227653741837
5546,0.4330561107425191,7.402267848279648e-05,0.5,30.486635980545497,4117.853198009078,5.193576524559885,126.7767340677743,138294.45292935392,39.715269550183,0.10641373165530214,0.00010200150608539335,1428.9523424279705,0.6280159629354652,0.749081494083967,0.0,7,12,16,4712.101011753082
5560,0.4340579696793053,6.99600931243493e-05,0.5,30.356180440219383,4079.93269332361,5.19030873075359,126.58101808180832,137791.19023265576,39.24569479980321,0.10535857567678372,8.731638135317175e-05,1433.0588549565164,0.6280159629354652,0.749081494083967,0.0,7,12,16,4723.945157051086
5574,0.4350277119271093,6.915769403693688e-05,0.5,30.433174663064612,4034.495469797904,5.183504864481195,126.39394541762039,137255.61390745197,39.07937105576221,0.1051187796856185,7.217406969765333e-05,1436.9933068597911,0.6280159629354652,0.749081494083967,0.0,7,12,16,4735.796181201935
5588,0.43600908842122665,7.108762409215261e-05,0.5,30.022380727471287,3986.587419063982,5.178504602324129,126.20362021811523,136725.21718183026,38.71674887309988,0.10435335142797668,7.652397936282867e-05,1440.929157962039,0.6443430834290658,0.7285109773616976,0.0,7,12,16,4747.676916837692
5602,0.43703252417136285,7.542385433428024e-05,0.5,29.70499746018737,3980.0049616611727,5.175686573665339,126.0015585431015,136194.33594954008,38.568788570465586,0.1041589855190964,0.00010333568584258136,1445.0058056866374,0.6443430834290658,0.7285109773616976,0.0,7,12,16,4759.571105480194
5615,0.4380362469974244,7.877605289171884e-05,0.5,29.348993945437265,3960.8008201445273,5.170950496355662,125.7992226139381,135594.1230513719,38.915490558742526,0.10531498507097226,0.00011379929964817697,1448.9909896968973,0.6443430834290658,0.7285109773616976,0.0,7,12,16,4770.613302707672
5628,0.4390578023995536,7.870170058889232e-05,0.5,28.69368991686092,3928.4140857214825,5.168206239588565,125.5916811480089,134982.58961086135,38.990682380221386,0.1057527533632247,0.00010479272462661992,1453.0206247497201,0.6443430834290658,0.7285109773616976,0.0,7,12,16,4781.636417865753
5640,0.44001522311933394,8.100497697732148e-05,0.5,28.091758163709375,3887.3077803962733,5.165217772581857,125.39598387029454,134457.9591050717,38.68890355030218,0.10514610727720046,9.992033231510033e-05,1456.7620917770507,0.6443430834290658,0.7285109773616976,0.0,7,12,16,4791.819098234177
5652,0.4410119630508606,8.506369456732463e-05,0.5,27.58895894124147,3835.4664914032187,5.1637324594976395,125.19007730179155,133880.5963769565,39.33825415614283,0.10711923615621112,0.00013416232363690277,1460.6108905264853,0.6443430834290658,0.7285109773616976,0.0,7,12,16,4802.0320699214935
5664,0.44206910181176695,9.106809284559863e-05,0.5,26.675878864685007,3773.315587255898,5.1603460510481405,124.96902704078856,133313.3946507075,40.41542646055882,0.11024922729935895,0.00013639985633156004,1464.6326597558054,0.6443430834290658,0.7285109773616976,0.0,7,12,16,4812.225327253342
5675,0.4430750930234746,9.094002661613588e-05,0.5,25.843278034984,3767.2798508228116,5.157676779077342,124.7597090759505,132901.7063153379,39.84388163877848,0.10887563618848882,0.00011522004813006398,1468.4255461266803,0.6611124081616291,0.707339166778809,0.0,7,12,16,4821.564244031906
5686,0.44407394032174774,9.085163204443785e-05,0.5,25.135578493277933,3751.8419498491885,5.1552977350006,124.55601035837496,132512.1653564143,39.84496049249662,0.10903731225863851,0.00013548204922873364,1472.1807733746743,0.6611124081616291,0.707339166778809,0.0,7,12,16,4830.904826879501
5697,0.4450764534047871,9.143839105933314e-05,0.5,24.34348606148426,3725.709535365122,5.152919774597066,124.35567691007924,132158.86121638512,40.00528915147886,0.10961600861568044,0.00011578026519865364,1475.9289449711882,0.6611124081616291,0.707339166778809,0.0,7,12,16,4840.284896373749
5708,0.4460883076362946,9.254872125873974e-05,0.5,24.11188611556892,3692.506863084432,5.150769306062108,124.15728207913699,131873.5597386089,39.74412451206616,0.10902589441569005,0.00011211506246865001,1479.682021797693,0.6611124081616291,0.707339166778809,0.0,7,12,16,4849.661665678024
5718,0.4470223746517778,9.419262091280496e-05,0.5,24.072891984634353,3659.157705926786,5.1485943188701455,123.97748324200298,131611.1373132808,39.30147697559351,0.10793259453213011,0.00011066479145035057,1483.115495489098,0.6611124081616291,0.707339166778809,0.0,7,12,16,4858.16330075264
5729,0.448071963772665,9.649786168879728e-05,0.5,23.795492585035273,3621.669723941799,5.146458419730299,123.77891556524956,131293.425182326,38.6718886266311,0.10635092229548153,0.00011065672132263295,1486.9364341198216,0.6611124081616291,0.707339166778809,0.0,7,12,16,4867.528749227524
5739,0.44905002958086654,9.892664272435328e-05,0.5,23.788013885060796,3588.8200154092547,5.144842875547851,123.59681981337519,131008.00298026069,38.20678195241242,0.10519982384889787,0.00010968371062031537,1490.4626008570451,0.6611124081616291,0.707339166778809,0.0,7,12,16,4876.057519435883
5749,0.4500530848665943,0.00010137083171524263,0.5,23.326859100276184,3558.3252029484324,5.142979953191031,123.41234996810921,130689.90578666414,38.04246644641954,0.10487907175994055,0.0001254271775872817,1494.0470917516138,0.6611124081616291,0.707339166778809,0.0,7,12,16,4884.582681417465
5759,0.45107638179776727,0.00010236808957072327,0.5,22.9542749861309,3531.05483999024,5.141046160278863,123.22610288100441,130353.23774151597,38.415561418277065,0.10603206805031157,0.00010060967671981736,1497.674362172543,0.6611124081616291,0.707339166778809,0.0,7,12,16,4893.110119104385
5769,0.4520957092697226,0.00010163393053228674,0.5,22.66848630417864,3507.7761133283743,5.13911223867259,123.04334579549901,130031.73092561685,38.20734928305155,0.10559339847536463,0.00011074018776643987,1501.2617990531264,0.6611124081616291,0.707339166778809,0.0,7,12,16,4901.614418506622
5778,0.4530086881976115,0.0001013434166508207,0.5,22.25137790069643,3489.601132088214,5.137255825984658,122.88185218432552,129691.19263094834,37.987079675492375,0.10512840788516813,9.680860659954476e-05,1504.4560280409037,0.6611124081616291,0.707339166778809,0.0,7,12,16,4909.2622611522675
5788,0.4540223988976232,0.00010146508032180455,0.5,21.75957291737858,3470.91703864515,5.135147414779106,122.70425064494248,129266.75008147507,38.308147949305635,0.1061799788081816,9.694801133922735e-05,1507.9840039145529,0.6611124081616291,0.707339166778809,0.0,7,12,16,4917.74436211586
5798,0.45503993769977236,0.00010206036615894328,0.5,21.30011436181799,3451.3618181071247,5.132950740796809,122.52709111317904,128785.95876732435,38.06890302246578,0.10572003627982135,9.894730848878156e-05,1511.505847582574,0.6611124081616291,0.707339166778809,0.0,7,12,16,4926.231224060059
5808,0.4560659737212609,0.00010311652223195507,0.5,20.912297011470084,3441.5869563421843,5.130843953948849,122.3492817849571,128242.48136500435,37.6220765032935,0.10471289483738525,9.003790329139628e-05,1515.042054451004,0.6739783187042431,0.6910278827282851,0.0,7,12,16,4934.73837685585
5817,0.4570004737203182,0.00010446435361179976,0.5,20.411684093791486,3449.578237458839,5.128710739260877,122.1883334399828,127675.70997306539,37.57391410615581,0.10481104052434778,0.0001117516964282521,1518.2619513845596,0.6739783187042431,0.6910278827282851,0.0,7,12,16,4942.402774810791
5827,0.45805558872954444,0.00010645196284650736,0.5,19.983422959045615,3453.383712548296,5.1255197674130795,122.0076522865942,127031.455478079,37.93547303081476,0.10607499350132528,0.00010732723140967821,1521.9036607653445,0.6739783187042431,0.6910278827282851,0.0,7,12,16,4950.900587797165
5836,0.459024826986919,0.00010876765767448152,0.5,19.547995749319753,3447.1678694804464,5.1230230773838015,121.84190453407595,126417.61936183661,38.580751242141275,0.10811865770295441,0.00012540095190444962,1525.2478000604888,0.6739783187042431,0.6910278827282851,0.0,7,12,16,4958.5765080451965
5845,0.46001321638209114,0.0001100475813928864,0.5,19.140965461422205,3425.8136080227664,5.120746282927743,121.67342641623729,125728.947349361,38.95362502315589,0.10944806107164891,0.00010872716274568365,1528.6443910632781,0.6739783187042431,0.6910278827282851,0.0,7,12,16,4966.247073888779
5854,0.4610033957622873,0.00011000709656824172,0.5,19.34601390583045,3383.810243075024,5.117886534458213,121.506539793128,125030.56231329752,39.20587443726462,0.11045368016624438,0.00012540250142143643,1532.0157656254028,0.6739783187042431,0.6910278827282851,0.0,7,12,16,4973.926195144653
5864,0.46210036243892977,0.00010903696724573151,0.5,19.53182445365201,3307.5651729612764,5.114976843975388,121.32403664713974,124221.96337688234,39.53402486243603,0.11172645981093482,9.602166763347217e-05,1535.685873551551,0.6739783187042431,0.6910278827282851,0.0,7,12,16,4982.423182249069
5873,0.463074355331998,0.00010751497045610433,0.5,19.68226877022067,3276.8963627353737,5.111470253123201,121.16435214315747,123503.74394282793,39.555510797940784,0.11210903407452669,0.00011036865251864052,1538.8924829217756,0.6845615688701953,0.6775396758526482,0.0,7,12,16,4990.090152978897
5882,0.464034033151314,0.00010600356609032534,0.5,19.817753696644836,3224.894786048353,5.109155974932906,121.00900694063412,122765.0248622287,39.392354049257214,0.111985762665075,8.379693698520445e-05,1542.012295297432,0.6859920533431741,0.6757071558903485,0.0,7,12,16,4997.755667924881
5892,0.46508835168685925,0.00010515819788585744,0.5,19.974516392057705,3147.7040115800414,5.106485511393794,120.84069564405411,121989.33829264596,39.2679673566373,0.11198876520209275,9.922273773813286e-05,1545.3716698133985,0.6904261466916151,0.6700253411218346,0.0,7,12,16,5006.263245820999
5901,0.46603558651124444,0.00010526886821162264,0.5,20.119273922527174,3065.889980456154,5.104032137428669,120.6914332460497,121302.75649107361,38.985866998202454,0.11150652923112059,8.0975795361217e-05,1548.3145361203221,0.6904261466916151,0.6700253411218346,0.0,7,12,16,5013.925057411194
5911,0.46708640515789834,0.00010498317327305468,0.5,20.293737293020296,2939.4255659359656,5.101184346203479,120.52812045996345,120568.15130786128,38.34191951861443,0.11001870710481182,6.947892047720975e-05,1551.469784897917,0.6904261466916151,0.6700253411218346,0.0,7,12,16,5022.424069404602
5920,0.46802655415699207,0.00010369543020504736,0.5,20.424880761626152,2816.465479635803,5.099058340081197,120.38414764953286,119919.3445515111,38.159873360593124,0.10979659129707901,6.768929203319217e-05,1554.1754825006103,0.6958821952074566,0.6629615631012628,0.0,7,12,16,5030.057010650635
5930,0.46905330369486037,0.00010189248135592405,0.5,20.54895410559662,2783.323139120788,5.096781774718626,120.22930615582312,119265.49070529005,38.2900472327394,0.11046615240856256,7.243444839242717e-05,1557.0502726888446,0.817719504454351,-0.4957503880179957,0.0,7,12,16,5038.5310571193695
5940,0.47006392314170437,0.0001004340742673178,0.5,20.66199979447934,2804.6033126455673,5.094998593080534,120.07905854198135,118747.64494061405,38.340975052468025,0.11085048239089383,6.882166345220491e-05,1559.8739062586892,0.8237295629209594,-0.4864188535621119,0.0,7,12,16,5047.04120016098
5950,0.47106185481033075,9.932009061020627e-05,0.5,20.745235340352615,2815.2309327293087,5.092790660843955,119.93251779610742,118344.17240832357,38.422212148945285,0.11127016938949766,6.256195593347524e-05,1562.6780115416345,0.8237295629209594,-0.4864188535621119,0.0,7,12,16,5055.551035404205
5960,0.472050503236656,9.854165509178929e-05,0.5,20.812266772591986,2817.72718504856,5.090889931190726,119.78890398013841,118055.91051418032,38.385420560715225,0.11129935349522953,5.293401951370956e-05,1565.462519130983,0.8237295629209594,-0.4864188535621119,0.0,7,12,16,5064.057387590408
5970,0.47303308680672845,9.805602867218755e-05,0.5,20.91407114509906,2826.0781436281054,5.088760779844759,119.64737252161518,117879.56453742382,38.28570337778438,0.11109584301046074,5.166826863555636e-05,1568.2352743253057,0.8387412313264965,-0.4635438490455006,0.0,7,12,16,5072.57106924057
5980,0.4740116874101216,9.77112808195522e-05,0.5,20.95593079859752,2848.2905311898785,5.087426438902262,119.50727020796222,117818.96636682926,38.39675237797015,0.11144206407114383,4.726785571136037e-05,1571.0117446298318,0.8387412313264965,-0.4635438490455006,0.0,7,12,16,5081.070171833038
5991,0.47508510872165793,9.752683882563832e-05,0.5,21.01593124381041,2862.7135297972222,5.085792986661603,119.35455510435185,117894.86421532954,38.462198485695,0.11159336758368087,4.786772368746551e-05,1574.0769013644988,0.8387412313264965,-0.4635438490455006,0.0,7,12,16,5090.388719797134
6001,0.47606075642521173,9.763414344958025e-05,0.5,21.077097227038948,2871.4314774768745,5.084233126492848,119.21626131109105,118080.70161122938,38.69339505934683,0.11216740407938929,4.60598829743802e-05,1576.8741540685944,0.8387412313264965,-0.4635438490455006,0.0,7,12,16,5098.875689029694
6011,0.47703887452527477,9.799525728478228e-05,0.5,21.129983062466998,2879.728188054122,5.082828121933407,119.07741796342052,118380.27049266914,39.137272455902185,0.11329451856440378,4.714215828043488e-05,1579.6868107511987,0.8387412313264965,-0.4635438490455006,0.0,7,12,16,5107.36216711998
6021,0.4780220223428756,9.861656847569125e-05,0.5,21.188606003813128,2890.3124116701083,5.081185328660112,118.93707557863607,118774.04764704742,39.59018946756934,0.11439922270620352,4.714492902528208e-05,1582.5232121627423,0.8387412313264965,-0.4635438490455006,0.0,7,12,16,5115.8566246032715
6031,0.4790129199555382,9.952206069990063e-05,0.5,21.208654059028866,2925.980488829044,5.079907783092305,118.7944900195896,119274.2997887992,40.07514407203051,0.11554009345491936,4.6206001342340374e-05,1585.4048875375677,0.8078107631267412,-0.5104039503411751,0.0,7,12,16,5124.3494436740875
6041,0.480014399787118,0.00010055244743394239,0.5,21.21216962593461,2993.346298195506,5.078708237171837,118.64883411717086,119926.27762642993,40.77367947469653,0.11720856352316567,5.329939754861012e-05,1588.3689307344353,0.8078107631267412,-0.5104039503411751,0.0,7,12,16,5132.843911886215
6051,0.4810179343550596,0.00010024679151387144,0.5,21.252207216233366,3145.1447959717516,5.077511679042645,118.50084121445373,120695.17873205198,41.69808725788894,0.11944855794656406,5.050190027079956e-05,1591.4490247384344,0.12058139845542806,0.1378079601282835,0.0,7,12,16,5141.347625494003
6061,0.4820193861153496,0.0001000839160583444,0.5,21.281885181155744,3687.8580956406254,5.076025310085276,118.35068177110023,121584.84532859962,42.54547114484586,0.12139718675625925,4.664091321502612e-05,1594.8704861253705,0.12058139845542806,0.1378079601282835,0.0,7,12,16,5149.824134349823
6071,0.48301932329212743,9.971615336837562e-05,0.5,21.289679980827017,3527.4132246214385,5.075129265747911,118.19854693396476,122524.20136171723,42.86975717415123,0.12184266527037155,5.1645928985363e-05,1598.477895142205,0.12058139845542806,0.1378079601282835,0.0,7,12,16,5158.338962554932
6081,0.4840126597072278,9.906619809721476e-05,0.5,21.25203797125928,3341.64356950587,5.073958748188431,118.04580643546555,123490.37844746218,42.88686209228009,0.1214165598992536,4.6710762673274305e-05,1601.8895372677046,0.8078107631267412,-0.5104039503411751,0.0,7,12,16,5166.8406410217285
6091,0.48500121074672403,9.873203778189606e-05,0.5,21.160680815293404,3441.113784564682,5.073006105175755,117.89270308174878,124591.54570494987,42.945470727541256,0.1210459917821072,4.632152124946944e-05,1605.2420881842131,0.8078107631267412,-0.5104039503411751,0.0,7,12,16,5175.3401074409485
6102,0.4860870988613322,9.87743357893114e-05,0.5,21.085630940497605,3603.3888101039065,5.072125553511348,117.72348468484925,125939.74579137162,43.12348507178711,0.120893643130226,4.509831112029815e-05,1609.0668590046516,0.12949241468982287,0.12645525657211443,0.0,7,12,16,5184.679432630539
6112,0.48707704994084494,9.924132727622668e-05,0.5,20.952848982742882,3654.013725906578,5.070834439659373,117.56801331518713,127178.3247500559,43.073884693743764,0.12017222947368596,4.741157430251375e-05,1612.6590957421427,0.8078107631267412,-0.5104039503411751,0.0,7,12,16,5193.17172908783
6122,0.4880731995166106,9.99216224036576e-05,0.5,20.85355052828748,3753.4327246247344,5.069879780778585,117.41039177170006,128472.5325420182,42.634840924263514,0.11836906541119468,4.8249142506544385e-05,1616.3485580617444,0.8078107631267412,-0.5104039503411751,0.0,7,12,16,5201.667344331741
6132,0.48907771829668967,0.00010097245214518034,0.5,20.800595157234824,3848.3655527015044,5.068982308451851,117.25036812401282,129891.94678377447,42.19046331289766,0.11651577544116669,4.6723970434400725e-05,1620.1666326277177,0.8078107631267412,-0.5104039503411751,0.0,7,12,16,5210.153985738754
6142,0.4900959704332063,0.00010248604357865369,0.5,20.72282164497591,3936.2635642132796,5.06820960508668,117.08680211994091,131437.44108509397,41.86836097974017,0.11496188101879773,4.573029247312125e-05,1624.1299902428618,0.8078107631267412,-0.5104039503411751,0.0,7,12,16,5218.64226603508
6151,0.4910209239537359,0.00010305857967535114,0.5,20.67821770349136,4006.454812359628,5.067523698588156,116.93694529916336,132930.22526039166,41.568467616358596,0.11351165376716757,4.663077378585652e-05,1627.8033129053551,0.8078107631267412,-0.5104039503411751,0.0,7,12,16,5226.312411546707
6161,0.49205679174567934,0.00010406145188855557,0.5,20.609751087373315,4071.5646083978827,5.066521833245146,116.76772793391558,134681.17559391164,41.27627619208325,0.11199465337647105,4.4236780615487873e-05,1631.9871929756832,0.8078107631267412,-0.5104039503411751,0.0,7,12,16,5234.8198618888855
6171,0.49310317234444384,0.00010490593037854967,0.5,20.49010722398388,4122.3155134456465,5.065406909753902,116.59522913123084,136496.79087598147,40.88127288811639,0.11020161381943602,4.1644470521132015e-05,1636.2741515697328,0.8237295629209594,-0.4864188535621119,0.0,7,12,16,5243.328961610794
6180,0.4940435996196304,0.00010399763720711642,0.5,20.416019650882,4195.672239491952,5.064960602219978,116.43889810029066,138146.1860256016,40.58991366605021,0.10877542895511862,4.000009029273586e-05,1640.185382848498,0.8237295629209594,-0.4864188535621119,0.0,7,12,16,5251.003442764282
6190,0.4950754168869011,0.00010256786135443676,0.5,20.33373710561294,4262.387091592338,5.064183930851684,116.26592324435303,139973.80720700038,40.473580804285056,0.10776226026269592,4.095184093960833e-05,1644.5489686812043,0.8237295629209594,-0.4864188535621119,0.0,7,12,16,5259.524241924286
6200,0.4960969273473148,0.00010201766865282622,0.5,20.238743002041662,4310.989226403219,5.063351909715987,116.09275329992103,141760.08375643802,40.4237162309627,0.10695588829105487,3.87184292558004e-05,1648.9278654761522,0.8237295629209594,-0.4864188535621119,0.0,7,12,16,5268.008797645569
6209,0.4970190883591212,0.00010307900578646992,0.5,20.086627963654806,4337.476988730612,5.062861092955537,115.93441768265038,143294.70697138362,40.29847151943013,0.10606004316597019,3.7485101759246826e-05,1652.9155046539126,0.8237295629209594,-0.4864188535621119,0.0,7,12,16,5275.755490064621
6219,0.49806564197358366,0.00010621290623501524,0.5,19.972597782487377,4438.459542550617,5.061975855496014,115.75231572248111,144903.54401455846,40.20376197158639,0.10522890462731153,4.207337489490613e-05,1657.5077487024655,0.8387412313264965,-0.4635438490455006,0.0,7,11,16,5284.253499507904
6228,0.4990340864255291,0.00010796999387289805,0.5,19.791338642320685,4519.28159369336,5.061145692463956,115.58185179022136,146285.08566298074,40.1620650657971,0.1046271433788522,4.76893791958992e-05,1661.845286055145,0.8387412313264965,-0.4635438490455006,0.0,7,11,16,5291.890111207962
6238,0.5000964260452524,0.00010431917267459553,0.5,19.684087247936187,4584.335234604124,5.060342007445125,115.39403799703703,147671.20543118598,39.967574548275216,0.10363983231024565,4.394418499923399e-05,1666.680852474885,0.8387412313264965,-0.4635438490455006,0.0,7,12,16,5300.37869477272
6247,0.501027353665935,0.00010335791359370383,0.5,19.883502600871065,4617.9984548685825,5.059805250210316,115.22909554558446,148777.15601820766,39.79993916473908,0.1028283894684736,4.669705957216677e-05,1670.9642057780188,0.8387412313264965,-0.4635438490455006,0.0,7,12,16,5308.053589820862
6257,0.5020531079317517,0.00010028962671129427,0.5,20.01271446088739,4627.289572973942,5.059138732265289,115.04667056067021,149866.63609047254,39.675660743642695,0.10214029912831449,4.3248388831010063e-05,1675.7059025946508,0.8387412313264965,-0.4635438490455006,0.0,7,12,16,5316.55939745903
6267,0.5030273818592271,9.545470707024725e-05,0.5,20.10012690351959,4607.6217187833545,5.05844125012484,114.874230863374,150807.64129687328,39.44688485439347,0.10124260301765448,3.915315628008595e-05,1680.2045692417043,0.8387412313264965,-0.4635438490455006,0.0,6,12,16,5324.862598180771
6278,0.5040656774404827,9.417436653323323e-05,0.5,20.178755955550045,4555.0458889317515,5.057266260318097,114.69105366388584,151697.16624568467,39.300424922389816,0.10057677487854123,3.686626680487719e-05,1684.9613478865065,0.8387412313264965,-0.4635438490455006,0.0,7,12,16,5334.060074567795
6288,0.5050046904146511,9.38769962745996e-05,0.5,20.173991009327647,4479.536661069096,5.056576251190094,114.52570038207128,152375.69753769916,39.33441648102957,0.1004404460615087,3.71902117208199e-05,1689.2031430018296,0.8387412313264965,-0.4635438490455006,0.0,6,12,16,5342.340317249298
6299,0.506040643529047,9.481386392839897e-05,0.5,20.14343993335833,4480.329869916477,5.055516367790265,114.34408388403322,153011.57595716228,39.67611812475313,0.10109532047270149,4.1612518463418926e-05,1693.8441438205025,0.8586892016601477,-0.4314550009126628,0.0,6,12,16,5351.33185505867
6309,0.5070008163047907,9.701337236286704e-05,0.5,20.180717501529234,4464.1127368774205,5.055387262176907,114.17687961819928,153540.5906905194,40.53883416833377,0.10309410625180498,4.974020547279421e-05,1698.138248963125,0.8586892016601477,-0.4314550009126628,0.0,7,12,16,5359.610836267471
6320,0.5080782789992049,9.777892165532375e-05,0.5,20.64408012627184,4407.764702718886,5.054645304353806,113.99152051425929,154071.80121860935,42.4093265637084,0.10761307636860179,6.147182151124615e-05,1702.9178074484153,0.8586892016601477,-0.4314550009126628,0.0,7,12,16,5368.943584918976
6330,0.5090369598921892,9.45670872172191e-05,0.5,21.161256466265073,4340.127638074795,5.053591625953711,113.8299016127415,154516.6646791608,45.019759137166176,0.11399096117491134,6.567557924405514e-05,1707.1110260689168,0.8737284850270146,-0.4063454907241144,0.0,7,12,17,5377.475818634033
6341,0.5100684158428074,9.351117071338209e-05,0.5,21.517012007782267,4404.441864558216,5.052788787289455,113.65817195515893,155009.4069852809,48.7290782595216,0.12305277376769548,6.94805088282388e-05,1711.6208451934592,0.8737284850270146,-0.4063454907241144,0.0,7,12,17,5387.004116535187
6351,0.5110003888669746,9.272460798173084e-05,0.5,21.878320838384187,4413.766760415056,5.052068281061689,113.50157937378377,155443.5076814555,52.69376624928885,0.13271202162757098,7.207623420001425e-05,1715.7300114734362,0.8737284850270146,-0.4063454907241144,0.0,7,12,17,5395.699998140335
6362,0.5120125295844439,9.15303809688381e-05,0.5,22.43217029298026,4374.60660646493,5.051344123517474,113.32556687329277,155818.4575168471,57.34589321517417,0.14402506380823327,8.172322087912448e-05,1720.177546735907,0.8737284850270146,-0.4063454907241144,0.0,7,12,17,5405.242557287216
6373,0.5130210090250362,9.206606499777811e-05,0.5,22.657716183563554,4292.090513250083,5.050439142239586,113.13873359331333,155943.018469556,61.83539803379829,0.15497945139741434,9.737105386669394e-05,1724.5476396674437,0.8737284850270146,-0.4063454907241144,0.0,7,12,17,5414.814122200012
6384,0.5140187807165153,8.908052386079653e-05,0.5,23.45410571721715,4179.546446610494,5.049426312703263,112.94285668107922,155691.44058208796,64.98701312297285,0.16280371921375095,8.105855349278701e-05,1728.7740194369621,0.8737284850270146,-0.4063454907241144,0.0,7,12,17,5424.4767417907715
6396,0.5150747118373274,8.743282027989803e-05,0.5,23.72907464417899,4040.180138382341,5.048771919805658,112.73344010893938,155014.35897652712,65.69198715237793,0.16487378415135195,0.00014570032967821584,1733.1137519897925,0.8737284850270146,-0.4063454907241144,0.0,7,12,17,5434.956924200058
6407,0.5160312619654549,8.669845540171828e-05,0.5,24.027615425639148,3924.3562905802773,5.047959277516078,112.54442680372718,154068.51784552014,65.9761861193495,0.16606381841341925,0.0001713413094421137,1736.9229911605926,0.7057057052980702,-0.6503218787472704,0.0,7,12,17,5444.541710853577
6419,0.5170761336015434,8.764142964962134e-05,0.5,24.084778404349464,4017.719313070118,5.046753465060434,112.33458114155573,152605.7149453585,67.63144839525691,0.17090469782250034,0.00018815520143394346,1741.0722159255547,0.9067141262963032,-0.30233957576655723,0.0,7,12,17,5454.954025506973
6430,0.5180509392154459,8.953300571268395e-05,0.5,24.43106065794743,3912.7793963927934,5.045937430327551,112.13759768988331,150946.01086262122,68.84557160375428,0.17480958090481732,0.00020989359550625282,1744.9375632570702,0.9067141262963032,-0.30233957576655723,0.0,7,12,17,5464.561640501022
6441,0.5190502607108975,9.203940004984563e-05,0.5,24.4459379444648,3899.6264412737864,5.045490402414029,111.93831186751866,148735.43750482932,65.9176578695621,0.1687996428530857,0.0002664396697454255,1748.8411157994565,0.7057057052980702,-0.6503218787472704,0.0,7,12,17,5474.389320611954
6452,0.5200770224030928,9.35407738362421e-05,0.5,24.467559646096124,3886.5775541438115,5.044643855765805,111.73906862379037,146099.36746731505,60.31973684503163,0.1561868162116871,0.00023238426372457444,1752.8384037945127,0.7057057052980702,-0.6503218787472704,0.0,7,12,17,5484.120369195938
6462,0.52100633462217,9.243226271746075e-05,0.5,24.350919418035442,3872.7424821894133,5.043943478406976,111.56685796575886,143992.90681269,55.89110127487908,0.14600902017511078,0.00028853068335600704,1756.4438192552602,0.7057057052980702,-0.6503218787472704,0.0,7,12,17,5492.911746501923
6473,0.522015845971708,9.123266617985383e-05,0.5,24.66844167412331,3855.4356748369614,5.04302311389099,111.38368726548957,142367.2440546433,54.45646131063024,0.14313594850126535,0.00024680799678356865,1760.344661035645,0.7057057052980702,-0.6503218787472704,0.0,7,12,17,5502.498219490051
6484,0.5230126685685577,9.013297736940093e-05,0.5,24.39152350565634,3835.735203291423,5.042101361245333,111.20050431425938,141357.70539082852,56.305807963581145,0.14841076456828298,0.00026521862760850706,1764.17802749942,0.7057057052980702,-0.6503218787472704,0.0,7,12,17,5512.071829319
6496,0.5240876866627101,8.916618328519885e-05,0.5,24.201617858844372,3811.008453893901,5.041372140512467,110.9959402609296,140115.6399696912,54.75608924787813,0.14504112582022152,0.000206501222368091,1768.2882213958299,0.7057057052980702,-0.6503218787472704,0.0,7,12,17,5522.477910280228
6507,0.5250646239400231,8.855954027654168e-05,0.5,24.055964626141442,3784.7744664927786,5.040606314342213,110.80826483469791,139060.4732659665,52.46526531739523,0.13961237261952827,0.00017404142346350647,1771.9985231384812,0.7057057052980702,-0.6503218787472704,0.0,7,12,17,5532.049154281616
6518,0.5260364822011445,8.821294278599978e-05,0.5,23.66241006300411,3754.560352257062,5.040025930301997,110.62630003527258,137950.2517767833,51.056651707508344,0.13647296172963588,0.00016723468880717554,1775.6621055519624,0.7057057052980702,-0.6503218787472704,0.0,7,12,17,5541.622226238251
6529,0.5270058579116252,8.808129204379132e-05,0.5,23.29168696507961,3719.9215292750378,5.03923355355574,110.44959800052158,136667.23043729225,50.623009838997966,0.13596063856769924,0.00015184918019121372,1779.2848961441553,0.7057057052980702,-0.6503218787472704,0.0,7,12,17,5551.216492652893
6541,0.5280630885600655,8.815659581914257e-05,0.5,22.932092909957323,3676.6990895055396,5.038474382781456,110.25913213912851,135151.32720324377,49.158177534852925,0.13282574838106107,0.00017553634271635953,1783.194863150685,0.7057057052980702,-0.6503218787472704,0.0,7,12,17,5561.648035287857
6552,0.5290344052186433,8.846166112937015e-05,0.5,22.46098953660691,3631.8555367587383,5.0376823145934875,110.08831969908421,133929.98279994552,47.51192424031334,0.12902997225726268,0.00014536334858198863,1786.7443235799933,0.7057057052980702,-0.6503218787472704,0.0,7,12,16,5571.2356016635895
6563,0.5300099324061968,8.888898948517909e-05,0.5,21.811504422511746,3581.8714478725315,5.036748163854625,109.91805878900567,132818.51377641736,46.30390735178153,0.12632162073307737,0.00013568745767843742,1790.2629169785412,0.7057057052980702,-0.6503218787472704,0.0,7,12,16,5580.580554962158
6575,0.531079779047787,8.939034601810441e-05,0.5,21.3508773104493,3521.406794196858,5.035978869046996,109.73436752676251,131611.54460899552,44.969153020964555,0.12329188092280485,0.00014764628538136348,1794.0626261643208,0.7057057052980702,-0.6503218787472704,0.0,7,12,16,5590.766048192978
6586,0.5320667621164729,9.005680961820285e-05,0.5,21.089533119255535,3470.3780233213556,5.035039513547324,109.56782787971991,130359.50852621479,44.49640184560371,0.12259391212331205,0.00012866559724390847,1797.5130127817133,0.6978618717508533,-0.660525855075814,0.0,7,12,16,5600.0936868190765
6597,0.5330632332700319,9.10907582320009e-05,0.5,20.507078800204184,3429.6629785946643,5.0342985284327835,109.40137392037947,129123.75628846903,43.630113540438956,0.12081057015328232,0.00014729528069729273,1800.9508586901054,0.6978618717508533,-0.660525855075814,0.0,7,12,17,5609.555317401886
6608,0.5340735393326234,9.254258212979005e-05,0.5,20.171417917911352,3382.957629885675,5.03340400161307,109.23422399292099,127898.32911110636,43.672538757349145,0.12149865023422671,0.00010218023919546743,1804.392274641547,0.6978618717508533,-0.660525855075814,0.0,7,12,17,5619.1209836006165
6618,0.5350081406989081,9.427417913510538e-05,0.5,19.984637037972973,3334.7781104977485,5.032683314970294,109.08164383624224,126694.16807861044,43.483532672721616,0.12154849685956984,0.00014267720405015144,1807.5314771421981,0.6978618717508533,-0.660525855075814,0.0,7,12,17,5627.801920413971
6629,0.5360592498209158,9.671754694939778e-05,0.5,19.682189035297064,3274.8497106932064,5.0314322222516505,108.91127717805362,125225.71224677298,43.80115097509039,0.1231314635720684,0.00012539751181576882,1811.0051971901628,0.6978618717508533,-0.660525855075814,0.0,7,12,17,5637.333849906921
6639,0.537039004398299,9.844886913341971e-05,0.5,19.393832180234064,3223.6488028272524,5.030571064211023,108.75302916259207,123733.67093726077,44.29093499490026,0.1252273589486325,0.00012331690957543287,1814.1886640225325,0.6934051829479453,-0.6662440994168738,0.0,7,12,17,5646.037575483322
6649,0.538018233738618,9.728835180698355e-05,0.5,19.369961396259132,3174.4332105847834,5.0295619526228155,108.59808466143697,122219.19424784482,44.98253221819338,0.12792777217508358,0.00013138094823123082,1817.3212588371828,0.6934051829479453,-0.6662440994168738,0.0,7,12,17,5654.761442184448
6660,0.5390794194349874,9.581571800151187e-05,0.5,19.32309927084781,3114.8649925868467,5.0287216087108995,108.43321036152243,120612.7489906916,45.47823846331194,0.1301620806905781,0.00011135603165881311,1820.6583154838863,0.6934051829479453,-0.6662440994168738,0.0,7,12,17,5664.330766916275
6670,0.5400308895232458,9.46203907705355e-05,0.5,19.274214245873253,3056.036488699073,5.028018998689099,108.28720697342763,119187.63901508095,46.167804058063815,0.1328788436176705,9.439095767123898e-05,1823.594029572403,0.6934051829479453,-0.6662440994168738,0.0,7,12,17,5673.06308054924
6681,0.5410646225495502,9.346360133011322e-05,0.5,19.22640428352297,2986.464552424338,5.026945474872792,108.13141969914044,117664.44671483834,46.360922195795595,0.13427431300937784,7.966598100880226e-05,1826.717196016247,0.6934051829479453,-0.6662440994168738,0.0,7,12,17,5682.673041343689
6692,0.5420866224597061,9.247191198080658e-05,0.5,19.153696507502925,2912.0829839819407,5.025784476040379,107.98120525119403,116172.7641229271,45.558921576405666,0.13282622915574246,8.155685030572072e-05,1829.7313535423757,0.6934051829479453,-0.6662440994168738,0.0,7,12,17,5692.208398103714
6702,0.5430070547481353,9.171280813550706e-05,0.5,19.077258504201957,2840.666774306711,5.0250038554444485,107.84832387810869,114838.44486917164,44.73481274405975,0.1312112333861414,8.18668939435565e-05,1832.3788618547667,0.6922862124205235,-0.6675938376026812,0.0,7,12,17,5700.906808137894
6713,0.5440116769143675,9.103469941537587e-05,0.5,18.982642376542348,2759.7101486174774,5.023747289904802,107.70530304230833,113443.84343068527,43.68310522254547,0.1289539513020139,7.438162242015248e-05,1835.1919932527792,0.6922862124205235,-0.6675938376026812,0.0,7,12,17,5710.460216760635
6724,0.5450098356750456,9.05229581761989e-05,0.5,18.884665653590602,2681.136544257775,5.022831145426066,107.56483266209003,112107.69037519298,42.58055476819369,0.12649009645867454,7.320276598212661e-05,1837.907407648779,0.6878748649838372,-0.6732014541224212,0.0,7,12,16,5719.833904743195
6735,0.5460033766707345,9.018009981439253e-05,0.5,18.82492639040574,2604.1984141602084,5.022143249989154,107.42633618155138,110812.3067826715,42.08409541016169,0.12575915555497855,7.264846269644125e-05,1840.533006127347,0.6878748649838372,-0.6732014541224212,0.0,7,12,16,5729.174916744232
6747,0.5470840445728291,8.99740612068128e-05,0.5,18.746189619832794,2514.8199881467217,5.020781720758861,107.27742008703939,109478.85508695606,41.48829475352921,0.124751023114615,7.726285998632707e-05,1843.2989855661494,0.6878748649838372,-0.6732014541224212,0.0,7,12,16,5739.368593454361
6758,0.5480730914305477,8.987623598033349e-05,0.5,18.687377599340962,2427.9539583762275,5.01987111661466,107.1426388836092,108297.92807719069,40.56890321909801,0.12268472165476846,6.68269636920573e-05,1845.7433030862603,0.6878748649838372,-0.6732014541224212,0.0,7,12,16,5748.687136888504
6769,0.5490618174391569,8.991763271775083e-05,0.5,18.652629603935274,2341.770994565027,5.018875443755284,107.00850997919592,107161.71094951383,39.64014331903057,0.1205446181906298,6.175432909967742e-05,1848.101278643703,0.6845615688702875,-0.6775396758525302,0.0,7,12,16,5758.044434070587
6780,0.55,3.807410074352369e-05,0.2112030419969537,18.845451286695873,2287.676765871893,5.018107499033234,106.88289484254476,106127.97046451336,38.56542261848982,0.1178866387496048,3.169484920049493e-05,1850.2729122212909,0.6535276700069137,0.7169704505963275,0.0,7,12,16,5767.404137372971
